url,netname,Creation_day,Update_day,Expiration_day,Expiration_Creation_day,ttl,len_domain,len_path,len_parameter,len_tld,'%','$','=','@','?','&','#','.','_','-',';','{','}','[',']','|','+','*',uppercase,digit_ratio,consonant_vowel,https,file_extension,url_shortening
http://0-9u210edu12j-dj-1.xyz/g9smksXla/Plugins/clip64.dll,,77.0,61.0,288.0,366.0,Error: The DNS query name does not exist: 0-9u210edu12j-dj-1.xyz.,22,29,0,3,0.0,0.0,0.0,0.0,0.0,0.0,0.0,2.0,0.0,3.0,0.0,0.0,0.0,0.0,0.0,0.0,0.0,0.0,0.03448,0.18966,0.7,0,1,1
http://0-9u210edu12j-dj-1.xyz/g9smksXla/Plugins/cred64.dll,,77.0,61.0,288.0,366.0,Error: The DNS query name does not exist: 0-9u210edu12j-dj-1.xyz.,22,29,0,3,0.0,0.0,0.0,0.0,0.0,0.0,0.0,2.0,0.0,3.0,0.0,0.0,0.0,0.0,0.0,0.0,0.0,0.0,0.03448,0.18966,0.7,0,1,1
http://500000wordswithpictures.com/centro/index.php,HOSTINGER-HOSTING,1172.0,107.0,1018.0,2191.0,473,27,17,0,3,0.0,0.0,0.0,0.0,0.0,0.0,0.0,2.0,0.0,0.0,0.0,0.0,0.0,0.0,0.0,0.0,0.0,0.0,0.0,0.11765,0.7,0,1,1
http://a0890677.xsph.ru/248.jpg,SPRINTHOST-NET-192,5654.0,,189.0,5844.0,7200,16,8,0,2,0.0,0.0,0.0,0.0,0.0,0.0,0.0,3.0,0.0,0.0,0.0,0.0,0.0,0.0,0.0,0.0,0.0,0.0,0.0,0.32258,0.71429,0,1,1
http://a0890677.xsph.ru/251.jpg,SPRINTHOST-NET-192,5654.0,,189.0,5844.0,5875,16,8,0,2,0.0,0.0,0.0,0.0,0.0,0.0,0.0,3.0,0.0,0.0,0.0,0.0,0.0,0.0,0.0,0.0,0.0,0.0,0.0,0.32258,0.71429,0,1,1
http://a0890677.xsph.ru/cats.jpg,SPRINTHOST-NET-192,5654.0,,189.0,5844.0,7200,16,9,0,2,0.0,0.0,0.0,0.0,0.0,0.0,0.0,3.0,0.0,0.0,0.0,0.0,0.0,0.0,0.0,0.0,0.0,0.0,0.0,0.21875,0.71429,0,1,1
http://a0890677.xsph.ru/cats2.jpg,SPRINTHOST-NET-192,5654.0,,189.0,5844.0,7200,16,10,0,2,0.0,0.0,0.0,0.0,0.0,0.0,0.0,3.0,0.0,0.0,0.0,0.0,0.0,0.0,0.0,0.0,0.0,0.0,0.0,0.24242,0.71429,0,1,1
http://a0895203.xsph.ru/258.jpg,SPRINTHOST-NET-192,5654.0,,189.0,5844.0,7200,16,8,0,2,0.0,0.0,0.0,0.0,0.0,0.0,0.0,3.0,0.0,0.0,0.0,0.0,0.0,0.0,0.0,0.0,0.0,0.0,0.0,0.32258,0.71429,0,1,1
http://a0897335.xsph.ru/photo.jpg,SPRINTHOST-NET-195,5654.0,,189.0,5844.0,7200,16,10,0,2,0.0,0.0,0.0,0.0,0.0,0.0,0.0,3.0,0.0,0.0,0.0,0.0,0.0,0.0,0.0,0.0,0.0,0.0,0.0,0.21212,0.71429,0,1,1
http://a0897335.xsph.ru/photo2.jpg,SPRINTHOST-NET-195,5654.0,,189.0,5844.0,7200,16,11,0,2,0.0,0.0,0.0,0.0,0.0,0.0,0.0,3.0,0.0,0.0,0.0,0.0,0.0,0.0,0.0,0.0,0.0,0.0,0.0,0.23529,0.71429,0,1,1
http://a0897335.xsph.ru/photo3.jpg,SPRINTHOST-NET-195,5654.0,,189.0,5844.0,7200,16,11,0,2,0.0,0.0,0.0,0.0,0.0,0.0,0.0,3.0,0.0,0.0,0.0,0.0,0.0,0.0,0.0,0.0,0.0,0.0,0.0,0.23529,0.71429,0,1,1
http://a0904077.xsph.ru/photo.jpg,SPRINTHOST-NET-195,5654.0,,189.0,5844.0,7200,16,10,0,2,0.0,0.0,0.0,0.0,0.0,0.0,0.0,3.0,0.0,0.0,0.0,0.0,0.0,0.0,0.0,0.0,0.0,0.0,0.0,0.21212,0.71429,0,1,1
http://a0904276.xsph.ru/cats.jpg,SPRINTHOST-NET-195,5654.0,,189.0,5844.0,7200,16,9,0,2,0.0,0.0,0.0,0.0,0.0,0.0,0.0,3.0,0.0,0.0,0.0,0.0,0.0,0.0,0.0,0.0,0.0,0.0,0.0,0.21875,0.71429,0,1,1
http://a0905723.xsph.ru/image2.jpg,SPRINTHOST-NET-192,5654.0,,189.0,5844.0,7200,16,11,0,2,0.0,0.0,0.0,0.0,0.0,0.0,0.0,3.0,0.0,0.0,0.0,0.0,0.0,0.0,0.0,0.0,0.0,0.0,0.0,0.23529,0.71429,0,1,1
http://a0906538.xsph.ru/logo.jpg,SPRINTHOST-NET-194,5654.0,,189.0,5844.0,7200,16,9,0,2,0.0,0.0,0.0,0.0,0.0,0.0,0.0,3.0,0.0,0.0,0.0,0.0,0.0,0.0,0.0,0.0,0.0,0.0,0.0,0.21875,0.71429,0,1,1
http://a0906562.xsph.ru/logo4.jpg,SPRINTHOST-NET-194,5654.0,,189.0,5844.0,7200,16,10,0,2,0.0,0.0,0.0,0.0,0.0,0.0,0.0,3.0,0.0,0.0,0.0,0.0,0.0,0.0,0.0,0.0,0.0,0.0,0.0,0.24242,0.71429,0,1,1
http://a0906726.xsph.ru/logo.jpg,SPRINTHOST-NET-195,5654.0,,189.0,5844.0,7200,16,9,0,2,0.0,0.0,0.0,0.0,0.0,0.0,0.0,3.0,0.0,0.0,0.0,0.0,0.0,0.0,0.0,0.0,0.0,0.0,0.0,0.21875,0.71429,0,1,1
http://a0906726.xsph.ru/logo2.jpg,SPRINTHOST-NET-195,5654.0,,189.0,5844.0,7200,16,10,0,2,0.0,0.0,0.0,0.0,0.0,0.0,0.0,3.0,0.0,0.0,0.0,0.0,0.0,0.0,0.0,0.0,0.0,0.0,0.0,0.24242,0.71429,0,1,1
http://a0906807.xsph.ru/logo6.jpg,SPRINTHOST-NET-195,5654.0,,189.0,5844.0,7200,16,10,0,2,0.0,0.0,0.0,0.0,0.0,0.0,0.0,3.0,0.0,0.0,0.0,0.0,0.0,0.0,0.0,0.0,0.0,0.0,0.0,0.24242,0.71429,0,1,1
http://a0908090.xsph.ru/logo2.jpg,SPRINTHOST-NET-192,5654.0,,189.0,5844.0,7200,16,10,0,2,0.0,0.0,0.0,0.0,0.0,0.0,0.0,3.0,0.0,0.0,0.0,0.0,0.0,0.0,0.0,0.0,0.0,0.0,0.0,0.24242,0.71429,0,1,1
http://a0908090.xsph.ru/logo3.jpg,SPRINTHOST-NET-192,5654.0,,189.0,5844.0,7200,16,10,0,2,0.0,0.0,0.0,0.0,0.0,0.0,0.0,3.0,0.0,0.0,0.0,0.0,0.0,0.0,0.0,0.0,0.0,0.0,0.0,0.24242,0.71429,0,1,1
http://a0912488.xsph.ru/logo.jpg,SPRINTHOST-NET-192,5654.0,,189.0,5844.0,7200,16,9,0,2,0.0,0.0,0.0,0.0,0.0,0.0,0.0,3.0,0.0,0.0,0.0,0.0,0.0,0.0,0.0,0.0,0.0,0.0,0.0,0.21875,0.71429,0,1,1
http://a0912696.xsph.ru/logo.jpg,SPRINTHOST-NET-192,5654.0,,189.0,5844.0,7200,16,9,0,2,0.0,0.0,0.0,0.0,0.0,0.0,0.0,3.0,0.0,0.0,0.0,0.0,0.0,0.0,0.0,0.0,0.0,0.0,0.0,0.21875,0.71429,0,1,1
http://a0912696.xsph.ru/logo2.jpg,SPRINTHOST-NET-192,5654.0,,189.0,5844.0,7200,16,10,0,2,0.0,0.0,0.0,0.0,0.0,0.0,0.0,3.0,0.0,0.0,0.0,0.0,0.0,0.0,0.0,0.0,0.0,0.0,0.0,0.24242,0.71429,0,1,1
http://a0912696.xsph.ru/logo3.jpg,SPRINTHOST-NET-192,5654.0,,189.0,5844.0,7200,16,10,0,2,0.0,0.0,0.0,0.0,0.0,0.0,0.0,3.0,0.0,0.0,0.0,0.0,0.0,0.0,0.0,0.0,0.0,0.0,0.0,0.24242,0.71429,0,1,1
http://a0914921.xsph.ru/logo.jpg,SPRINTHOST-NET-192,5654.0,,189.0,5844.0,7200,16,9,0,2,0.0,0.0,0.0,0.0,0.0,0.0,0.0,3.0,0.0,0.0,0.0,0.0,0.0,0.0,0.0,0.0,0.0,0.0,0.0,0.21875,0.71429,0,1,1
http://a3abj.wileyfoxcelullares.motorcycles,,,,,,Error: The DNS query name does not exist: a3abj.wileyfoxcelullares.motorcycles.,36,0,0,11,0.0,0.0,0.0,0.0,0.0,0.0,0.0,2.0,0.0,0.0,0.0,0.0,0.0,0.0,0.0,0.0,0.0,0.0,0.0,0.02326,0.63636,0,0,0
http://acglobal.com.pe/gay/expliitttfile.exe,OVH-CUST-270799823,,,,,300,15,22,0,6,0.0,0.0,0.0,0.0,0.0,0.0,0.0,3.0,0.0,0.0,0.0,0.0,0.0,0.0,0.0,0.0,0.0,0.0,0.0,0.0,0.61538,0,1,1
http://addtactical.com/setup.exe,NL-ITHOSTING-POOL,272.0,272.0,93.0,366.0,300,15,10,0,3,0.0,0.0,0.0,0.0,0.0,0.0,0.0,2.0,0.0,0.0,0.0,0.0,0.0,0.0,0.0,0.0,0.0,0.0,0.0,0.0,0.64286,0,1,1
http://adilogluyolyapi.com.tr/it/,WEBKUR,1030.0,,65.0,1095.0,14400,22,4,0,6,0.0,0.0,0.0,0.0,0.0,0.0,0.0,2.0,0.0,0.0,0.0,0.0,0.0,0.0,0.0,0.0,0.0,0.0,0.0,0.0,0.6,0,0,0
http://affordablesinginglessons.com/iZVEmwUacatmFN26.bin,,405.0,-1.0,-41.0,365.0,Error: The DNS query name does not exist: affordablesinginglessons.com.,28,21,0,3,0.0,0.0,0.0,0.0,0.0,0.0,0.0,2.0,0.0,0.0,0.0,0.0,0.0,0.0,0.0,0.0,0.0,0.0,0.10714,0.03571,0.66667,0,1,1
http://affordablesinginglessons.com/UnlFpDVXvj222.bin,,405.0,-1.0,-41.0,365.0,Error: The DNS query name does not exist: affordablesinginglessons.com.,28,18,0,3,0.0,0.0,0.0,0.0,0.0,0.0,0.0,2.0,0.0,0.0,0.0,0.0,0.0,0.0,0.0,0.0,0.0,0.0,0.09434,0.0566,0.66667,0,1,1
http://africatechs.com/Amdaygo.exe,,474.0,107.0,256.0,731.0,86400,15,12,0,3,0.0,0.0,0.0,0.0,0.0,0.0,0.0,2.0,0.0,0.0,0.0,0.0,0.0,0.0,0.0,0.0,0.0,0.0,0.02941,0.0,0.64286,0,1,1
http://africatechs.com/YoutubeAdvert.exe,,474.0,107.0,256.0,731.0,86400,15,18,0,3,0.0,0.0,0.0,0.0,0.0,0.0,0.0,2.0,0.0,0.0,0.0,0.0,0.0,0.0,0.0,0.0,0.0,0.0,0.05,0.0,0.64286,0,1,1
http://agentleadgenesis.com/gcm/,HGBLOCK-4,3021.0,114.0,266.0,3288.0,3600,20,5,0,3,0.0,0.0,0.0,0.0,0.0,0.0,0.0,1.0,0.0,0.0,0.0,0.0,0.0,0.0,0.0,0.0,0.0,0.0,0.0,0.0,0.57895,0,0,0
http://agenzia.servebeer.com/BackupChannel.exe,,,,,,Error: The DNS response does not contain an answer to the question: agenzia.servebeer.com. IN A,21,18,0,3,0.0,0.0,0.0,0.0,0.0,0.0,0.0,3.0,0.0,0.0,0.0,0.0,0.0,0.0,0.0,0.0,0.0,0.0,0.04348,0.0,0.52632,0,1,1
http://agenzia.servebeer.com/BgService_Gap_v5.exe,,,,,,Error: The DNS response does not contain an answer to the question: agenzia.servebeer.com. IN A,21,21,0,3,0.0,0.0,0.0,0.0,0.0,0.0,0.0,3.0,2.0,0.0,0.0,0.0,0.0,0.0,0.0,0.0,0.0,0.0,0.06122,0.02041,0.52632,0,1,1
http://agenzia.servebeer.com/Browserchannel_test.exe,,,,,,Error: The DNS response does not contain an answer to the question: agenzia.servebeer.com. IN A,21,24,0,3,0.0,0.0,0.0,0.0,0.0,0.0,0.0,3.0,1.0,0.0,0.0,0.0,0.0,0.0,0.0,0.0,0.0,0.0,0.01923,0.0,0.52632,0,1,1
http://agenzia.servebeer.com/clientfmUx.exe,,,,,,Error: The DNS response does not contain an answer to the question: agenzia.servebeer.com. IN A,21,15,0,3,0.0,0.0,0.0,0.0,0.0,0.0,0.0,3.0,0.0,0.0,0.0,0.0,0.0,0.0,0.0,0.0,0.0,0.0,0.02326,0.0,0.52632,0,1,1
http://agenzia.servebeer.com/Fmcloud_test_v3.exe,,,,,,Error: The DNS response does not contain an answer to the question: agenzia.servebeer.com. IN A,21,20,0,3,0.0,0.0,0.0,0.0,0.0,0.0,0.0,3.0,2.0,0.0,0.0,0.0,0.0,0.0,0.0,0.0,0.0,0.0,0.02083,0.02083,0.52632,0,1,1
http://agenzia.servebeer.com/Hostupdate_alpha3.exe,,,,,,Error: The DNS response does not contain an answer to the question: agenzia.servebeer.com. IN A,21,22,0,3,0.0,0.0,0.0,0.0,0.0,0.0,0.0,3.0,1.0,0.0,0.0,0.0,0.0,0.0,0.0,0.0,0.0,0.0,0.02,0.02,0.52632,0,1,1
http://agenzia.servebeer.com/ldlUpdate.exe,,,,,,Error: The DNS response does not contain an answer to the question: agenzia.servebeer.com. IN A,21,14,0,3,0.0,0.0,0.0,0.0,0.0,0.0,0.0,3.0,0.0,0.0,0.0,0.0,0.0,0.0,0.0,0.0,0.0,0.0,0.02381,0.0,0.52632,0,1,1
http://agenzia.servebeer.com/localDocker_beta_v4.exe,,,,,,Error: The DNS response does not contain an answer to the question: agenzia.servebeer.com. IN A,21,24,0,3,0.0,0.0,0.0,0.0,0.0,0.0,0.0,3.0,2.0,0.0,0.0,0.0,0.0,0.0,0.0,0.0,0.0,0.0,0.01923,0.01923,0.52632,0,1,1
http://agenzia.servebeer.com/SecurityBrowser_lan_v1.exe,,,,,,Error: The DNS response does not contain an answer to the question: agenzia.servebeer.com. IN A,21,27,0,3,0.0,0.0,0.0,0.0,0.0,0.0,0.0,3.0,2.0,0.0,0.0,0.0,0.0,0.0,0.0,0.0,0.0,0.0,0.03636,0.01818,0.52632,0,1,1
http://agenzia.servebeer.com/serviceoracle_x86.exe,,,,,,Error: The DNS response does not contain an answer to the question: agenzia.servebeer.com. IN A,21,22,0,3,0.0,0.0,0.0,0.0,0.0,0.0,0.0,3.0,1.0,0.0,0.0,0.0,0.0,0.0,0.0,0.0,0.0,0.0,0.0,0.04,0.52632,0,1,1
http://agenzia.servebeer.com/VEE_Config.exe,,,,,,Error: The DNS response does not contain an answer to the question: agenzia.servebeer.com. IN A,21,15,0,3,0.0,0.0,0.0,0.0,0.0,0.0,0.0,3.0,1.0,0.0,0.0,0.0,0.0,0.0,0.0,0.0,0.0,0.0,0.09302,0.0,0.52632,0,1,1
http://agenzia.servebeer.com/WriterAdvanced.exe,,,,,,Error: The DNS response does not contain an answer to the question: agenzia.servebeer.com. IN A,21,19,0,3,0.0,0.0,0.0,0.0,0.0,0.0,0.0,3.0,0.0,0.0,0.0,0.0,0.0,0.0,0.0,0.0,0.0,0.0,0.04255,0.0,0.52632,0,1,1
http://aiff.jo/qlq/,DIGITALOCEAN-143-198-0-0,,,,,13108,7,5,0,2,0.0,0.0,0.0,0.0,0.0,0.0,0.0,1.0,0.0,0.0,0.0,0.0,0.0,0.0,0.0,0.0,0.0,0.0,0.0,0.0,0.5,0,0,0
http://aih-group.com/eioa/,DE-GODADDY-20071017,957.0,218.0,138.0,1096.0,600,13,6,0,3,0.0,0.0,0.0,0.0,0.0,0.0,0.0,1.0,0.0,1.0,0.0,0.0,0.0,0.0,0.0,0.0,0.0,0.0,0.0,0.0,0.54545,0,0,0
http://aih-group.com/oets/,DE-GODADDY-20071017,957.0,218.0,138.0,1096.0,600,13,6,0,3,0.0,0.0,0.0,0.0,0.0,0.0,0.0,1.0,0.0,1.0,0.0,0.0,0.0,0.0,0.0,0.0,0.0,0.0,0.0,0.0,0.54545,0,0,0
http://aimfireandsecurity.com/gtl/,KRYSTAL,3269.0,-9.0,383.0,3653.0,14400,22,5,0,3,0.0,0.0,0.0,0.0,0.0,0.0,0.0,1.0,0.0,0.0,0.0,0.0,0.0,0.0,0.0,0.0,0.0,0.0,0.0,0.0,0.57143,0,0,0
http://alata.com.sa/installer/qw/Bank.exe,,,,,,Error: The DNS query name does not exist: alata.com.sa.,12,22,0,6,0.0,0.0,0.0,0.0,0.0,0.0,0.0,3.0,0.0,0.0,0.0,0.0,0.0,0.0,0.0,0.0,0.0,0.0,0.02439,0.0,0.5,0,1,1
http://alibabash.ddns.net/windows_update_client.exe,IP2000-ADSL-BAS,,,,,60,18,26,0,3,0.0,0.0,0.0,0.0,0.0,0.0,0.0,3.0,2.0,0.0,0.0,0.0,0.0,0.0,0.0,0.0,0.0,0.0,0.0,0.0,0.6875,0,1,1
http://alldayallinone.com/eaii/,CLOUDMINI,1423.0,168.0,36.0,1460.0,300,18,6,0,3,0.0,0.0,0.0,0.0,0.0,0.0,0.0,1.0,0.0,0.0,0.0,0.0,0.0,0.0,0.0,0.0,0.0,0.0,0.0,0.0,0.58824,0,0,0
http://allenlaw.my/ure/,EXABYTES-CLOUD-MY,,,,,14400,11,5,0,2,0.0,0.0,0.0,0.0,0.0,0.0,0.0,1.0,0.0,0.0,0.0,0.0,0.0,0.0,0.0,0.0,0.0,0.0,0.0,0.0,0.7,0,0,0
http://allenlaw.my/us/,EXABYTES-CLOUD-MY,,,,,14400,11,4,0,2,0.0,0.0,0.0,0.0,0.0,0.0,0.0,1.0,0.0,0.0,0.0,0.0,0.0,0.0,0.0,0.0,0.0,0.0,0.0,0.0,0.7,0,0,0
http://alotropia.sa.com/.well-known/kz/qKtYPhDfxmsQBQDCtore229.bin,,,,,,Error: The DNS query name does not exist: alotropia.sa.com.,16,43,0,3,0.0,0.0,0.0,0.0,0.0,0.0,0.0,4.0,0.0,1.0,0.0,0.0,0.0,0.0,0.0,0.0,0.0,0.0,0.13636,0.04545,0.5,0,1,1
http://alotropia.sa.com/.well-known/kz/Slaa.u32,,,,,,Error: The DNS query name does not exist: alotropia.sa.com.,16,24,0,3,0.0,0.0,0.0,0.0,0.0,0.0,0.0,4.0,0.0,1.0,0.0,0.0,0.0,0.0,0.0,0.0,0.0,0.0,0.02128,0.04255,0.5,0,0,0
http://andal-pinal.org/umiu/,LWS-NET5,2140.0,173.0,416.0,2557.0,14400,15,6,0,3,0.0,0.0,0.0,0.0,0.0,0.0,0.0,1.0,0.0,1.0,0.0,0.0,0.0,0.0,0.0,0.0,0.0,0.0,0.0,0.0,0.61538,0,0,0
http://anrhotspot.mra.my.id/amday.exe,PMNET-ID,1142.0,54.0,318.0,1461.0,300,20,10,0,5,0.0,0.0,0.0,0.0,0.0,0.0,0.0,4.0,0.0,0.0,0.0,0.0,0.0,0.0,0.0,0.0,0.0,0.0,0.0,0.0,0.70588,0,1,1
http://apweslk.com/reeu/,SEDO-NET,2176.0,-15.0,14.0,2191.0,7200,11,6,0,3,0.0,0.0,0.0,0.0,0.0,0.0,0.0,1.0,0.0,0.0,0.0,0.0,0.0,0.0,0.0,0.0,0.0,0.0,0.0,0.0,0.7,0,0,0
http://aquafixpropertymaintenance.co.uk/em/,KRYSTAL,1273.0,176.0,188.0,1461.0,13127,32,4,0,5,0.0,0.0,0.0,0.0,0.0,0.0,0.0,2.0,0.0,0.0,0.0,0.0,0.0,0.0,0.0,0.0,0.0,0.0,0.0,0.0,0.56667,0,0,0
http://ar2shop.com/qr/,COLO4-BLK5,315.0,315.0,50.0,366.0,14400,11,4,0,3,0.0,0.0,0.0,0.0,0.0,0.0,0.0,1.0,0.0,0.0,0.0,0.0,0.0,0.0,0.0,0.0,0.0,0.0,0.0,0.04545,0.66667,0,0,0
http://artemcraft.temp.swtest.ru/Willi.exe,SpaceWeb,3692.0,,325.0,4018.0,600,25,10,0,2,0.0,0.0,0.0,0.0,0.0,0.0,0.0,4.0,0.0,0.0,0.0,0.0,0.0,0.0,0.0,0.0,0.0,0.0,0.02381,0.0,0.72727,0,1,1
http://artmediastudio.ro/Amdau.exe,HOSTVISION-SRL,,,,,14400,17,10,0,2,0.0,0.0,0.0,0.0,0.0,0.0,0.0,2.0,0.0,0.0,0.0,0.0,0.0,0.0,0.0,0.0,0.0,0.0,0.02941,0.0,0.5,0,1,1
http://asipl.live/od/,,,,,,Error: The DNS query name does not exist: asipl.live.,10,4,0,4,0.0,0.0,0.0,0.0,0.0,0.0,0.0,1.0,0.0,0.0,0.0,0.0,0.0,0.0,0.0,0.0,0.0,0.0,0.0,0.0,0.55556,0,0,0
http://atlanticlineshipping26.com/aal/,NAMEC-4,658.0,292.0,72.0,731.0,1200,26,5,0,3,0.0,0.0,0.0,0.0,0.0,0.0,0.0,1.0,0.0,0.0,0.0,0.0,0.0,0.0,0.0,0.0,0.0,0.0,0.0,0.05263,0.65217,0,0,0
http://atndelnorte.mx/erm/,GO-DADDY-COM-LLC,151.0,13.0,215.0,366.0,10800,14,5,0,2,0.0,0.0,0.0,0.0,0.0,0.0,0.0,1.0,0.0,0.0,0.0,0.0,0.0,0.0,0.0,0.0,0.0,0.0,0.0,0.0,0.69231,0,0,0
http://atozrental.cc/atoz/index.php,,77.0,49.0,288.0,366.0,Error: The DNS query name does not exist: atozrental.cc.,13,15,0,2,0.0,0.0,0.0,0.0,0.0,0.0,0.0,2.0,0.0,0.0,0.0,0.0,0.0,0.0,0.0,0.0,0.0,0.0,0.0,0.0,0.66667,0,1,1
http://atrox.pk/faui/,CLOUD-ASH,,,,,300,8,6,0,2,0.0,0.0,0.0,0.0,0.0,0.0,0.0,1.0,0.0,0.0,0.0,0.0,0.0,0.0,0.0,0.0,0.0,0.0,0.0,0.0,0.71429,0,0,0
http://atrox.pk/miqi/,CLOUD-ASH,,,,,300,8,6,0,2,0.0,0.0,0.0,0.0,0.0,0.0,0.0,1.0,0.0,0.0,0.0,0.0,0.0,0.0,0.0,0.0,0.0,0.0,0.0,0.0,0.71429,0,0,0
http://autovpn.cc/vpn/index.php,,70.0,70.0,295.0,366.0,Error: The DNS operation timed out after 5.007900238037109 seconds,10,14,0,2,0.0,0.0,0.0,0.0,0.0,0.0,0.0,2.0,0.0,0.0,0.0,0.0,0.0,0.0,0.0,0.0,0.0,0.0,0.0,0.0,0.66667,0,1,1
http://b.clu-e.eu/b2f628/b.sh,RU-YANDEXCLOUD,,,,,86400,10,12,0,2,0.0,0.0,0.0,0.0,0.0,0.0,0.0,3.0,0.0,1.0,0.0,0.0,0.0,0.0,0.0,0.0,0.0,0.0,0.0,0.13793,0.42857,0,1,1
http://b.clu-e.eu/b2f628/d/ai.sh,RU-YANDEXCLOUD,,,,,86400,10,15,0,2,0.0,0.0,0.0,0.0,0.0,0.0,0.0,3.0,0.0,1.0,0.0,0.0,0.0,0.0,0.0,0.0,0.0,0.0,0.0,0.125,0.42857,0,1,1
http://b.clu-e.eu/b2f628/d/ar.sh,RU-YANDEXCLOUD,,,,,86400,10,15,0,2,0.0,0.0,0.0,0.0,0.0,0.0,0.0,3.0,0.0,1.0,0.0,0.0,0.0,0.0,0.0,0.0,0.0,0.0,0.0,0.125,0.42857,0,1,1
http://bagsrad.com:8091/aorry/server1.exe,LINODE,738.0,7.0,357.0,1096.0,600,11,18,0,3,0.0,0.0,0.0,0.0,0.0,0.0,0.0,2.0,0.0,0.0,0.0,0.0,0.0,0.0,0.0,0.0,0.0,0.0,0.0,0.12195,0.7,0,1,1
http://bagsrad.com:8099/yorry/server1.exe,LINODE,738.0,7.0,357.0,1096.0,600,11,18,0,3,0.0,0.0,0.0,0.0,0.0,0.0,0.0,2.0,0.0,0.0,0.0,0.0,0.0,0.0,0.0,0.0,0.0,0.0,0.0,0.12195,0.7,0,1,1
http://balkanparadise.tours/opa/,SOFTLAYER-RIPE-4-30-31,,,,,300,20,5,0,5,0.0,0.0,0.0,0.0,0.0,0.0,0.0,1.0,0.0,0.0,0.0,0.0,0.0,0.0,0.0,0.0,0.0,0.0,0.0,0.0,0.57895,0,0,0
http://balkanparadise.tours/teav/,SOFTLAYER-RIPE-4-30-31,,,,,300,20,6,0,5,0.0,0.0,0.0,0.0,0.0,0.0,0.0,1.0,0.0,0.0,0.0,0.0,0.0,0.0,0.0,0.0,0.0,0.0,0.0,0.0,0.57895,0,0,0
http://baraemaljinan.com/llu/,DE-GD-EMEA-DCN,489.0,134.0,241.0,731.0,10800,17,5,0,3,0.0,0.0,0.0,0.0,0.0,0.0,0.0,1.0,0.0,0.0,0.0,0.0,0.0,0.0,0.0,0.0,0.0,0.0,0.0,0.0,0.5625,0,0,0
http://bayyancharity.click2clock.com/dati/Direzione.zip,,2513.0,322.0,43.0,2557.0,Error: The DNS query name does not exist: bayyancharity.click2clock.com.,29,19,0,3,0.0,0.0,0.0,0.0,0.0,0.0,0.0,3.0,0.0,0.0,0.0,0.0,0.0,0.0,0.0,0.0,0.0,0.0,0.01818,0.01818,0.73077,0,1,1
http://bertam.com.my/eup/,CLOUDFLARENET,,,,,300,13,5,0,6,0.0,0.0,0.0,0.0,0.0,0.0,0.0,2.0,0.0,0.0,0.0,0.0,0.0,0.0,0.0,0.0,0.0,0.0,0.0,0.0,0.72727,0,0,0
http://bertam.com.my/uom/,CLOUDFLARENET,,,,,300,13,5,0,6,0.0,0.0,0.0,0.0,0.0,0.0,0.0,2.0,0.0,0.0,0.0,0.0,0.0,0.0,0.0,0.0,0.0,0.0,0.0,0.0,0.72727,0,0,0
http://best.obs.cn-sz1.ctyun.cn/cn/sysnew.arm,CHINANET-GD,4233.0,,2340.0,6574.0,3600,24,14,0,2,0.0,0.0,0.0,0.0,0.0,0.0,0.0,5.0,0.0,1.0,0.0,0.0,0.0,0.0,0.0,0.0,0.0,0.0,0.0,0.02222,0.83333,0,1,1
http://best.obs.cn-sz1.ctyun.cn/cn/sysnew.i686,CHINANET-GD,4233.0,,2340.0,6574.0,3600,24,15,0,2,0.0,0.0,0.0,0.0,0.0,0.0,0.0,5.0,0.0,1.0,0.0,0.0,0.0,0.0,0.0,0.0,0.0,0.0,0.0,0.08696,0.83333,0,0,0
http://best.obs.cn-sz1.ctyun.cn/cn/sysnew.mips,CHINANET-GD,,,,,3599,24,15,0,2,0.0,0.0,0.0,0.0,0.0,0.0,0.0,5.0,0.0,1.0,0.0,0.0,0.0,0.0,0.0,0.0,0.0,0.0,0.0,0.02174,0.83333,0,0,0
http://best.obs.cn-sz1.ctyun.cn/cn/sysnew.spc,CHINANET-GD,4233.0,,2340.0,6574.0,3600,24,14,0,2,0.0,0.0,0.0,0.0,0.0,0.0,0.0,5.0,0.0,1.0,0.0,0.0,0.0,0.0,0.0,0.0,0.0,0.0,0.0,0.02222,0.83333,0,1,1
http://best.obs.cn-sz1.ctyun.cn/cn/sysnew.x86,CHINANET-GD,4233.0,,2340.0,6574.0,3600,24,14,0,2,0.0,0.0,0.0,0.0,0.0,0.0,0.0,5.0,0.0,1.0,0.0,0.0,0.0,0.0,0.0,0.0,0.0,0.0,0.0,0.06667,0.83333,0,0,0
http://best.obs.cn-sz1.ctyun.cn/cn/sysnew.x86_64,CHINANET-GD,4233.0,,2340.0,6574.0,3599,24,17,0,2,0.0,0.0,0.0,0.0,0.0,0.0,0.0,5.0,1.0,1.0,0.0,0.0,0.0,0.0,0.0,0.0,0.0,0.0,0.0,0.10417,0.83333,0,0,0
http://black-sun-a335.asyorfplmnv.workers.dev/mnwODBptK6jU/isowfAyK3pNG/3d73b3118a6103ec61d6130d8f560dc5a2684d08/ace.jpg,CLOUDFLARENET,,,,,300,38,75,0,3,0.0,0.0,0.0,0.0,0.0,0.0,0.0,4.0,0.0,2.0,0.0,0.0,0.0,0.0,0.0,0.0,0.0,0.0,0.075,0.275,0.73333,0,1,1
http://blushingtonbeauty.co.uk/ls/,KRYSTAL,1336.0,176.0,125.0,1461.0,14400,23,4,0,5,0.0,0.0,0.0,0.0,0.0,0.0,0.0,2.0,0.0,0.0,0.0,0.0,0.0,0.0,0.0,0.0,0.0,0.0,0.0,0.0,0.61905,0,0,0
http://bolandraf.com/prostutefiles/exedroidddcc.exe,CC-23-95-242-0-26,669.0,73.0,61.0,731.0,300,13,31,0,3,0.0,0.0,0.0,0.0,0.0,0.0,0.0,2.0,0.0,0.0,0.0,0.0,0.0,0.0,0.0,0.0,0.0,0.0,0.0,0.0,0.66667,0,1,1
http://bolandraf.com/prostutefiles/HtaieBrowserhistorycleanercache.doc,CC-23-95-242-0-26,669.0,73.0,61.0,731.0,300,13,50,0,3,0.0,0.0,0.0,0.0,0.0,0.0,0.0,2.0,0.0,0.0,0.0,0.0,0.0,0.0,0.0,0.0,0.0,0.0,0.02857,0.0,0.66667,0,0,0
http://books.ttc.edu.sg/eera/,CLOUDFLARENET,,,,,300,16,6,0,6,0.0,0.0,0.0,0.0,0.0,0.0,0.0,3.0,0.0,0.0,0.0,0.0,0.0,0.0,0.0,0.0,0.0,0.0,0.0,0.0,0.69231,0,0,0
http://borgomaira.it/wp-admin/images/hb.jpg,CPANEL_hosting,3281.0,201.0,148.0,3429.0,900,13,23,0,2,0.0,0.0,0.0,0.0,0.0,0.0,0.0,2.0,0.0,1.0,0.0,0.0,0.0,0.0,0.0,0.0,0.0,0.0,0.0,0.0,0.5,0,1,1
http://bossajazzbrasil.com/iii/,HOSTINGER-HOSTING,5212.0,11.0,266.0,5479.0,1800,19,5,0,3,0.0,0.0,0.0,0.0,0.0,0.0,0.0,1.0,0.0,0.0,0.0,0.0,0.0,0.0,0.0,0.0,0.0,0.0,0.0,0.0,0.66667,0,0,0
http://bot.pvp-rivals.com/jenkins.sh,,818.0,87.0,277.0,1096.0,86400,18,11,0,3,0.0,0.0,0.0,0.0,0.0,0.0,0.0,3.0,0.0,1.0,0.0,0.0,0.0,0.0,0.0,0.0,0.0,0.0,0.0,0.0,0.73333,0,1,1
http://brodoyouevenlift.co.za/g9sdjScV2/Plugins/clip64.dll,,66.0,45.0,299.0,366.0,Error: The DNS query name does not exist: brodoyouevenlift.co.za.,22,29,0,5,0.0,0.0,0.0,0.0,0.0,0.0,0.0,3.0,0.0,0.0,0.0,0.0,0.0,0.0,0.0,0.0,0.0,0.0,0.05172,0.06897,0.55,0,1,1
http://brodoyouevenlift.co.za/g9sdjScV2/Plugins/cred64.dll,,66.0,45.0,299.0,366.0,Error: The DNS query name does not exist: brodoyouevenlift.co.za.,22,29,0,5,0.0,0.0,0.0,0.0,0.0,0.0,0.0,3.0,0.0,0.0,0.0,0.0,0.0,0.0,0.0,0.0,0.0,0.0,0.05172,0.06897,0.55,0,1,1
http://brodoyouevenlift.co.za/jjuhhsa73/Plugins/clip64.dll,,66.0,45.0,299.0,366.0,Error: The DNS query name does not exist: brodoyouevenlift.co.za.,22,29,0,5,0.0,0.0,0.0,0.0,0.0,0.0,0.0,3.0,0.0,0.0,0.0,0.0,0.0,0.0,0.0,0.0,0.0,0.0,0.01724,0.06897,0.55,0,1,1
http://brodoyouevenlift.co.za/jjuhhsa73/Plugins/cred64.dll,,66.0,45.0,299.0,366.0,Error: The DNS query name does not exist: brodoyouevenlift.co.za.,22,29,0,5,0.0,0.0,0.0,0.0,0.0,0.0,0.0,3.0,0.0,0.0,0.0,0.0,0.0,0.0,0.0,0.0,0.0,0.0,0.01724,0.06897,0.55,0,1,1
http://brusuax.com/dl/buildz.exe,,327.0,1.0,403.0,731.0,Error: The DNS operation timed out after 5.004734992980957 seconds,11,14,0,3,0.0,0.0,0.0,0.0,0.0,0.0,0.0,2.0,0.0,0.0,0.0,0.0,0.0,0.0,0.0,0.0,0.0,0.0,0.0,0.0,0.6,0,1,1
http://budapestmorgen.hu/llma/,HU-WS-SERVERS,,,,,3600,17,6,0,2,0.0,0.0,0.0,0.0,0.0,0.0,0.0,1.0,0.0,0.0,0.0,0.0,0.0,0.0,0.0,0.0,0.0,0.0,0.0,0.0,0.625,0,0,0
http://busizinusa.blogspot.com///////////////////////////////////atom.xml,GOOGLE,,,,,162,23,43,0,3,0.0,0.0,0.0,0.0,0.0,0.0,0.0,3.0,0.0,0.0,0.0,0.0,0.0,0.0,0.0,0.0,0.0,0.0,0.0,0.0,0.61905,0,1,1
http://buyfon.ir/mu/,IR-MIHAN-20051129,,,,,14400,9,4,0,2,0.0,0.0,0.0,0.0,0.0,0.0,0.0,1.0,0.0,0.0,0.0,0.0,0.0,0.0,0.0,0.0,0.0,0.0,0.0,0.0,0.625,0,0,0
http://buyfon.ir/nail/,IR-MIHAN-20051129,,,,,14400,9,6,0,2,0.0,0.0,0.0,0.0,0.0,0.0,0.0,1.0,0.0,0.0,0.0,0.0,0.0,0.0,0.0,0.0,0.0,0.0,0.0,0.0,0.625,0,0,0
http://campovalepet.com.br/tete/,HGBLOCK-5,4402.0,168.0,347.0,4749.0,14400,19,6,0,6,0.0,0.0,0.0,0.0,0.0,0.0,0.0,2.0,0.0,0.0,0.0,0.0,0.0,0.0,0.0,0.0,0.0,0.0,0.0,0.0,0.64706,0,0,0
http://candcsparkes.co.uk/stua/,KRYSTAL,1063.0,180.0,32.0,1095.0,13175,18,6,0,5,0.0,0.0,0.0,0.0,0.0,0.0,0.0,2.0,0.0,0.0,0.0,0.0,0.0,0.0,0.0,0.0,0.0,0.0,0.0,0.0,0.6875,0,0,0
http://caodangdaiviet.edu.vn/ros/,INETACADEMY-VN,,,,,3600,21,5,0,6,0.0,0.0,0.0,0.0,0.0,0.0,0.0,2.0,0.0,0.0,0.0,0.0,0.0,0.0,0.0,0.0,0.0,0.0,0.0,0.0,0.52632,0,0,0
http://carmenta.es/temp/lumma.exe,PEER1-HOSTPAPA-01,,,,,14400,11,15,0,2,0.0,0.0,0.0,0.0,0.0,0.0,0.0,2.0,0.0,0.0,0.0,0.0,0.0,0.0,0.0,0.0,0.0,0.0,0.0,0.0,0.6,0,1,1
http://carreraworxgarage.com/ea/,KRYSTAL,1137.0,54.0,323.0,1461.0,14400,21,4,0,3,0.0,0.0,0.0,0.0,0.0,0.0,0.0,1.0,0.0,0.0,0.0,0.0,0.0,0.0,0.0,0.0,0.0,0.0,0.0,0.0,0.6,0,0,0
http://casadelteatro.org.co/prm/,UNIFIEDLAYER-NETWORK-16,5022.0,278.0,820.0,5843.0,14400,20,5,0,6,0.0,0.0,0.0,0.0,0.0,0.0,0.0,2.0,0.0,0.0,0.0,0.0,0.0,0.0,0.0,0.0,0.0,0.0,0.0,0.0,0.55556,0,0,0
http://cavaempaque.com/sedx/,COLO4-BLK6,4752.0,25.0,361.0,5114.0,300,15,6,0,3,0.0,0.0,0.0,0.0,0.0,0.0,0.0,1.0,0.0,0.0,0.0,0.0,0.0,0.0,0.0,0.0,0.0,0.0,0.0,0.0,0.5,0,0,0
http://ccforteza.com/attivita/index.php,GO-DADDY-COM-LLC,7948.0,505.0,87.0,8036.0,10800,13,19,0,3,0.0,0.0,0.0,0.0,0.0,0.0,0.0,2.0,0.0,0.0,0.0,0.0,0.0,0.0,0.0,0.0,0.0,0.0,0.0,0.0,0.66667,0,1,1
http://cdn3-adb1.com/abdwufkw/modules/cleanhelper.png,,43.0,23.0,322.0,366.0,Error: The DNS query name does not exist: cdn3-adb1.com.,13,33,0,3,0.0,0.0,0.0,0.0,0.0,0.0,0.0,2.0,0.0,1.0,0.0,0.0,0.0,0.0,0.0,0.0,0.0,0.0,0.0,0.03774,0.77778,0,1,1
http://cdn3-adb1.com/abdwufkw/modules/legacy_l1.png,,43.0,23.0,322.0,366.0,Error: The DNS query name does not exist: cdn3-adb1.com.,13,31,0,3,0.0,0.0,0.0,0.0,0.0,0.0,0.0,2.0,1.0,1.0,0.0,0.0,0.0,0.0,0.0,0.0,0.0,0.0,0.0,0.05882,0.77778,0,1,1
http://cdn3-adb1.com/abdwufkw/modules/runsysclean.png,,43.0,23.0,322.0,366.0,Error: The DNS query name does not exist: cdn3-adb1.com.,13,33,0,3,0.0,0.0,0.0,0.0,0.0,0.0,0.0,2.0,0.0,1.0,0.0,0.0,0.0,0.0,0.0,0.0,0.0,0.0,0.0,0.03774,0.77778,0,1,1
http://cdn3-adb1.online/abdwufkw/modules/cleanhelper.png,,43.0,23.0,322.0,366.0,Error: The DNS query name does not exist: cdn3-adb1.online.,16,33,0,6,0.0,0.0,0.0,0.0,0.0,0.0,0.0,2.0,0.0,1.0,0.0,0.0,0.0,0.0,0.0,0.0,0.0,0.0,0.0,0.03571,0.66667,0,1,1
http://cdn3-adb1.online/abdwufkw/modules/legacy_l1.png,,43.0,23.0,322.0,366.0,Error: The DNS query name does not exist: cdn3-adb1.online.,16,31,0,6,0.0,0.0,0.0,0.0,0.0,0.0,0.0,2.0,1.0,1.0,0.0,0.0,0.0,0.0,0.0,0.0,0.0,0.0,0.0,0.05556,0.66667,0,1,1
http://cdn3-adb1.online/abdwufkw/modules/runsysclean.png,,43.0,23.0,322.0,366.0,Error: The DNS query name does not exist: cdn3-adb1.online.,16,33,0,6,0.0,0.0,0.0,0.0,0.0,0.0,0.0,2.0,0.0,1.0,0.0,0.0,0.0,0.0,0.0,0.0,0.0,0.0,0.0,0.03571,0.66667,0,1,1
http://cdn3-adb1.ru/abdwufkw/modules/cleanhelper.png,,43.0,,322.0,366.0,Error: The DNS query name does not exist: cdn3-adb1.ru.,12,33,0,2,0.0,0.0,0.0,0.0,0.0,0.0,0.0,2.0,0.0,1.0,0.0,0.0,0.0,0.0,0.0,0.0,0.0,0.0,0.0,0.03846,0.75,0,1,1
http://cdn3-adb1.ru/abdwufkw/modules/legacy_l1.png,,43.0,,322.0,366.0,Error: The DNS query name does not exist: cdn3-adb1.ru.,12,31,0,2,0.0,0.0,0.0,0.0,0.0,0.0,0.0,2.0,1.0,1.0,0.0,0.0,0.0,0.0,0.0,0.0,0.0,0.0,0.0,0.06,0.75,0,1,1
http://cdn3-adb1.ru/abdwufkw/modules/runsysclean.png,,43.0,,322.0,366.0,Error: The DNS query name does not exist: cdn3-adb1.ru.,12,33,0,2,0.0,0.0,0.0,0.0,0.0,0.0,0.0,2.0,0.0,1.0,0.0,0.0,0.0,0.0,0.0,0.0,0.0,0.0,0.0,0.03846,0.75,0,1,1
http://celiklergoldtasarim.com/attivita/MwdWloZLCgSgXbmW,TR-MARKUM-CLOUD,908.0,908.0,917.0,1826.0,3600,23,26,0,3,0.0,0.0,0.0,0.0,0.0,0.0,0.0,1.0,0.0,0.0,0.0,0.0,0.0,0.0,0.0,0.0,0.0,0.0,0.14286,0.0,0.63636,0,0,0
http://ceo-reputation.ru/download/AdobePhotoshop_pass.exe,SPRINTHOST-NET-192,1974.0,,217.0,2192.0,21600,17,33,0,2,0.0,0.0,0.0,0.0,0.0,0.0,0.0,2.0,1.0,1.0,0.0,0.0,0.0,0.0,0.0,0.0,0.0,0.0,0.03509,0.0,0.46667,0,1,1
http://channeldistribution.net/evo/,NS1,5416.0,-11.0,62.0,5479.0,14400,23,5,0,3,0.0,0.0,0.0,0.0,0.0,0.0,0.0,1.0,0.0,0.0,0.0,0.0,0.0,0.0,0.0,0.0,0.0,0.0,0.0,0.0,0.63636,0,0,0
http://chemsil.com.mx/irs/,INNOVATIONGROUPHOSTING,5783.0,335.0,60.0,5843.0,14400,14,5,0,6,0.0,0.0,0.0,0.0,0.0,0.0,0.0,2.0,0.0,0.0,0.0,0.0,0.0,0.0,0.0,0.0,0.0,0.0,0.0,0.0,0.75,0,0,0
http://childrenshealthintl.org/ng/,UK-LIQUIDNET-20080722,2593.0,32.0,328.0,2922.0,14400,23,4,0,3,0.0,0.0,0.0,0.0,0.0,0.0,0.0,1.0,0.0,0.0,0.0,0.0,0.0,0.0,0.0,0.0,0.0,0.0,0.0,0.0,0.72727,0,0,0
http://china.dhabigroup.top/_errorpages/B13zx.exe,,251.0,40.0,114.0,366.0,Error: The DNS query name does not exist: china.dhabigroup.top.,20,22,0,3,0.0,0.0,0.0,0.0,0.0,0.0,0.0,3.0,1.0,0.0,0.0,0.0,0.0,0.0,0.0,0.0,0.0,0.0,0.02041,0.04082,0.61111,0,1,1
http://china.dhabigroup.top/_errorpages/damianozx.exe,,251.0,40.0,114.0,366.0,Error: The DNS query name does not exist: china.dhabigroup.top.,20,26,0,3,0.0,0.0,0.0,0.0,0.0,0.0,0.0,3.0,1.0,0.0,0.0,0.0,0.0,0.0,0.0,0.0,0.0,0.0,0.0,0.0,0.61111,0,1,1
http://china.dhabigroup.top/_errorpages/maxziflowzx.exe,,251.0,40.0,114.0,366.0,Error: The DNS query name does not exist: china.dhabigroup.top.,20,28,0,3,0.0,0.0,0.0,0.0,0.0,0.0,0.0,3.0,1.0,0.0,0.0,0.0,0.0,0.0,0.0,0.0,0.0,0.0,0.0,0.0,0.61111,0,1,1
http://china.dhabigroup.top/_errorpages/mmtradezx.exe,,251.0,40.0,114.0,366.0,Error: The DNS query name does not exist: china.dhabigroup.top.,20,26,0,3,0.0,0.0,0.0,0.0,0.0,0.0,0.0,3.0,1.0,0.0,0.0,0.0,0.0,0.0,0.0,0.0,0.0,0.0,0.0,0.0,0.61111,0,1,1
http://china.dhabigroup.top/_errorpages/wealthzx.exe,,251.0,40.0,114.0,366.0,Error: The DNS query name does not exist: china.dhabigroup.top.,20,25,0,3,0.0,0.0,0.0,0.0,0.0,0.0,0.0,3.0,1.0,0.0,0.0,0.0,0.0,0.0,0.0,0.0,0.0,0.0,0.0,0.0,0.61111,0,1,1
http://china.dhabigroup.top/_errorpages/zackzx.exe,,251.0,40.0,114.0,366.0,Error: The DNS query name does not exist: china.dhabigroup.top.,20,23,0,3,0.0,0.0,0.0,0.0,0.0,0.0,0.0,3.0,1.0,0.0,0.0,0.0,0.0,0.0,0.0,0.0,0.0,0.0,0.0,0.0,0.61111,0,1,1
http://cje4r.ulefonecelullares.motorcycles,,,,,,Error: The DNS query name does not exist: cje4r.ulefonecelullares.motorcycles.,35,0,0,11,0.0,0.0,0.0,0.0,0.0,0.0,0.0,2.0,0.0,0.0,0.0,0.0,0.0,0.0,0.0,0.0,0.0,0.0,0.0,0.02381,0.625,0,0,0
http://clasitapua.com/uam/,OVH-DEDI-167-114-32,2580.0,53.0,341.0,2922.0,600,14,5,0,3,0.0,0.0,0.0,0.0,0.0,0.0,0.0,1.0,0.0,0.0,0.0,0.0,0.0,0.0,0.0,0.0,0.0,0.0,0.0,0.0,0.53846,0,0,0
http://cm99ihe5v9j1nunam5u0c7bsdguqsy7jx.oast.live,DIGITALOCEAN,,,,,3600,43,0,0,4,0.0,0.0,0.0,0.0,0.0,0.0,0.0,2.0,0.0,0.0,0.0,0.0,0.0,0.0,0.0,0.0,0.0,0.0,0.0,0.18,0.6875,0,0,0
http://cms-mercedes.site/ei/,,,,,,Error: The DNS query name does not exist: cms-mercedes.site.,17,4,0,4,0.0,0.0,0.0,0.0,0.0,0.0,0.0,1.0,0.0,1.0,0.0,0.0,0.0,0.0,0.0,0.0,0.0,0.0,0.0,0.0,0.66667,0,0,0
http://cms-sh.de/1/stub.exe,MANITU-NET-ROOTSERVER-2,,189.0,,,3600,9,11,0,2,0.0,0.0,0.0,0.0,0.0,0.0,0.0,2.0,0.0,1.0,0.0,0.0,0.0,0.0,0.0,0.0,0.0,0.0,0.0,0.03704,0.85714,0,1,1
http://cnc.wq.gy/bins/bin.armv4l,Alsycon-customers,256.0,255.0,109.0,366.0,60,9,16,0,2,0.0,0.0,0.0,0.0,0.0,0.0,0.0,3.0,0.0,0.0,0.0,0.0,0.0,0.0,0.0,0.0,0.0,0.0,0.0,0.03125,1.0,0,0,0
http://cnc.wq.gy/bins/bin.armv51,Alsycon-customers,256.0,255.0,109.0,366.0,60,9,16,0,2,0.0,0.0,0.0,0.0,0.0,0.0,0.0,3.0,0.0,0.0,0.0,0.0,0.0,0.0,0.0,0.0,0.0,0.0,0.0,0.0625,1.0,0,0,0
http://cnc.wq.gy/bins/bin.armv61,Alsycon-customers,256.0,255.0,109.0,366.0,60,9,16,0,2,0.0,0.0,0.0,0.0,0.0,0.0,0.0,3.0,0.0,0.0,0.0,0.0,0.0,0.0,0.0,0.0,0.0,0.0,0.0,0.0625,1.0,0,0,0
http://cnc.wq.gy/bins/bin.armv71,Alsycon-customers,256.0,255.0,109.0,366.0,60,9,16,0,2,0.0,0.0,0.0,0.0,0.0,0.0,0.0,3.0,0.0,0.0,0.0,0.0,0.0,0.0,0.0,0.0,0.0,0.0,0.0,0.0625,1.0,0,0,0
http://cnc.wq.gy/bins/bin.i586,Alsycon-customers,256.0,255.0,109.0,366.0,60,9,14,0,2,0.0,0.0,0.0,0.0,0.0,0.0,0.0,3.0,0.0,0.0,0.0,0.0,0.0,0.0,0.0,0.0,0.0,0.0,0.0,0.1,1.0,0,0,0
http://cnc.wq.gy/bins/bin.m68k,Alsycon-customers,256.0,255.0,109.0,366.0,60,9,14,0,2,0.0,0.0,0.0,0.0,0.0,0.0,0.0,3.0,0.0,0.0,0.0,0.0,0.0,0.0,0.0,0.0,0.0,0.0,0.0,0.06667,1.0,0,0,0
http://cnc.wq.gy/bins/bin.mips,Alsycon-customers,256.0,255.0,109.0,366.0,60,9,14,0,2,0.0,0.0,0.0,0.0,0.0,0.0,0.0,3.0,0.0,0.0,0.0,0.0,0.0,0.0,0.0,0.0,0.0,0.0,0.0,0.0,1.0,0,0,0
http://cnc.wq.gy/bins/bin.mipsel,Alsycon-customers,256.0,255.0,109.0,366.0,60,9,16,0,2,0.0,0.0,0.0,0.0,0.0,0.0,0.0,3.0,0.0,0.0,0.0,0.0,0.0,0.0,0.0,0.0,0.0,0.0,0.0,0.0,1.0,0,0,0
http://cnc.wq.gy/bins/bin.powerpc,Alsycon-customers,256.0,255.0,109.0,366.0,60,9,17,0,2,0.0,0.0,0.0,0.0,0.0,0.0,0.0,3.0,0.0,0.0,0.0,0.0,0.0,0.0,0.0,0.0,0.0,0.0,0.0,0.0,1.0,0,0,0
http://cnc.wq.gy/bins/bin.sh4,Alsycon-customers,256.0,255.0,109.0,366.0,59,9,13,0,2,0.0,0.0,0.0,0.0,0.0,0.0,0.0,3.0,0.0,0.0,0.0,0.0,0.0,0.0,0.0,0.0,0.0,0.0,0.0,0.03448,1.0,0,0,0
http://cnc.wq.gy/bins/bin.x86_64,Alsycon-customers,256.0,255.0,109.0,366.0,60,9,16,0,2,0.0,0.0,0.0,0.0,0.0,0.0,0.0,3.0,1.0,0.0,0.0,0.0,0.0,0.0,0.0,0.0,0.0,0.0,0.0,0.125,1.0,0,0,0
http://coderscrowd.net/dole/,GOOGLE-CLOUD,376.0,10.0,354.0,731.0,600,15,6,0,3,0.0,0.0,0.0,0.0,0.0,0.0,0.0,1.0,0.0,0.0,0.0,0.0,0.0,0.0,0.0,0.0,0.0,0.0,0.0,0.0,0.71429,0,0,0
http://coderscrowd.net/na/,GOOGLE-CLOUD,376.0,10.0,354.0,731.0,600,15,4,0,3,0.0,0.0,0.0,0.0,0.0,0.0,0.0,1.0,0.0,0.0,0.0,0.0,0.0,0.0,0.0,0.0,0.0,0.0,0.0,0.0,0.71429,0,0,0
http://computernetworkteam.com/qete/,LINODE,5338.0,249.0,505.0,5844.0,14400,23,6,0,3,0.0,0.0,0.0,0.0,0.0,0.0,0.0,1.0,0.0,0.0,0.0,0.0,0.0,0.0,0.0,0.0,0.0,0.0,0.0,0.0,0.63636,0,0,0
http://cplcpus.blogspot.com///////////////////////atom.xml,GOOGLE,,,,,291,20,31,0,3,0.0,0.0,0.0,0.0,0.0,0.0,0.0,3.0,0.0,0.0,0.0,0.0,0.0,0.0,0.0,0.0,0.0,0.0,0.0,0.0,0.77778,0,1,1
http://cream.hitsturbo.com/order/tuc2.exe,,45.0,5.0,320.0,366.0,Error: The DNS query name does not exist: cream.hitsturbo.com.,19,15,0,3,0.0,0.0,0.0,0.0,0.0,0.0,0.0,3.0,0.0,0.0,0.0,0.0,0.0,0.0,0.0,0.0,0.0,0.0,0.0,0.02439,0.64706,0,1,1
http://cream.hitsturbo.com/order/tuc3.exe,,45.0,5.0,320.0,366.0,Error: The DNS query name does not exist: cream.hitsturbo.com.,19,15,0,3,0.0,0.0,0.0,0.0,0.0,0.0,0.0,3.0,0.0,0.0,0.0,0.0,0.0,0.0,0.0,0.0,0.0,0.0,0.0,0.02439,0.64706,0,1,1
http://cream.hitsturbo.com/order/tuc4.exe,,45.0,5.0,320.0,366.0,Error: The DNS query name does not exist: cream.hitsturbo.com.,19,15,0,3,0.0,0.0,0.0,0.0,0.0,0.0,0.0,3.0,0.0,0.0,0.0,0.0,0.0,0.0,0.0,0.0,0.0,0.0,0.0,0.02439,0.64706,0,1,1
http://cream.hitsturbo.com/order/tuc5.exe,,45.0,5.0,320.0,366.0,Error: The DNS query name does not exist: cream.hitsturbo.com.,19,15,0,3,0.0,0.0,0.0,0.0,0.0,0.0,0.0,3.0,0.0,0.0,0.0,0.0,0.0,0.0,0.0,0.0,0.0,0.0,0.0,0.02439,0.64706,0,1,1
http://cream.hitsturbo.com/order/tuc6.exe,,45.0,5.0,320.0,366.0,Error: The DNS query name does not exist: cream.hitsturbo.com.,19,15,0,3,0.0,0.0,0.0,0.0,0.0,0.0,0.0,3.0,0.0,0.0,0.0,0.0,0.0,0.0,0.0,0.0,0.0,0.0,0.0,0.02439,0.64706,0,1,1
http://cream.hitsturbo.com/order/tuc7.exe,,45.0,5.0,320.0,366.0,Error: The DNS query name does not exist: cream.hitsturbo.com.,19,15,0,3,0.0,0.0,0.0,0.0,0.0,0.0,0.0,3.0,0.0,0.0,0.0,0.0,0.0,0.0,0.0,0.0,0.0,0.0,0.0,0.02439,0.64706,0,1,1
http://crucialpsicologia.cl/ft/,HGBLOCK-10,1708.0,,483.0,2192.0,14400,20,4,0,2,0.0,0.0,0.0,0.0,0.0,0.0,0.0,1.0,0.0,0.0,0.0,0.0,0.0,0.0,0.0,0.0,0.0,0.0,0.0,0.0,0.57895,0,0,0
http://cshms.kp.gov.pk/als/,NTCISP-PK,,,,,3600,15,5,0,6,0.0,0.0,0.0,0.0,0.0,0.0,0.0,3.0,0.0,0.0,0.0,0.0,0.0,0.0,0.0,0.0,0.0,0.0,0.0,0.0,0.91667,0,0,0
http://cshms.kp.gov.pk/ssip/,NTCISP-PK,,,,,3600,15,6,0,6,0.0,0.0,0.0,0.0,0.0,0.0,0.0,3.0,0.0,0.0,0.0,0.0,0.0,0.0,0.0,0.0,0.0,0.0,0.0,0.0,0.91667,0,0,0
http://cubanatravel.com.mx/images/icon/red.exe,DIMENET-161201,4338.0,288.0,45.0,4383.0,13215,19,20,0,6,0.0,0.0,0.0,0.0,0.0,0.0,0.0,3.0,0.0,0.0,0.0,0.0,0.0,0.0,0.0,0.0,0.0,0.0,0.0,0.0,0.64706,0,1,1
http://cursoamigurumipassoapasso.com.br/centro/,HOSTINGER-CDN,1685.0,20.0,142.0,1827.0,60,32,8,0,6,0.0,0.0,0.0,0.0,0.0,0.0,0.0,2.0,0.0,0.0,0.0,0.0,0.0,0.0,0.0,0.0,0.0,0.0,0.0,0.0,0.56667,0,0,0
http://cursoamigurumipassoapasso.com.br/centro/index.php,HOSTINGER-CDN,1685.0,20.0,142.0,1827.0,60,32,17,0,6,0.0,0.0,0.0,0.0,0.0,0.0,0.0,3.0,0.0,0.0,0.0,0.0,0.0,0.0,0.0,0.0,0.0,0.0,0.0,0.0,0.56667,0,1,1
http://cynorix.com/netTimer.exe,PEER1-BLK-08,1897.0,787.0,1024.0,2922.0,600,11,13,0,3,0.0,0.0,0.0,0.0,0.0,0.0,0.0,2.0,0.0,0.0,0.0,0.0,0.0,0.0,0.0,0.0,0.0,0.0,0.03226,0.0,0.7,0,1,1
http://cynshare.com/amd.exe,PEER1-BLK-08,279.0,237.0,86.0,366.0,14400,12,8,0,3,0.0,0.0,0.0,0.0,0.0,0.0,0.0,2.0,0.0,0.0,0.0,0.0,0.0,0.0,0.0,0.0,0.0,0.0,0.0,0.0,0.72727,0,1,1
http://dadouexport.com/ebs/,LWS-NET5,623.0,174.0,107.0,731.0,14400,15,5,0,3,0.0,0.0,0.0,0.0,0.0,0.0,0.0,1.0,0.0,0.0,0.0,0.0,0.0,0.0,0.0,0.0,0.0,0.0,0.0,0.0,0.57143,0,0,0
http://dambbel.ir/it/,,,,,,Error: The DNS operation timed out after 5.012333631515503 seconds,10,4,0,2,0.0,0.0,0.0,0.0,0.0,0.0,0.0,1.0,0.0,0.0,0.0,0.0,0.0,0.0,0.0,0.0,0.0,0.0,0.0,0.0,0.66667,0,0,0
http://daumay.org.vn/eor/,FPT-STATICIP-NET,,,,,3600,13,5,0,6,0.0,0.0,0.0,0.0,0.0,0.0,0.0,2.0,0.0,0.0,0.0,0.0,0.0,0.0,0.0,0.0,0.0,0.0,0.0,0.0,0.63636,0,0,0
http://daumay.org.vn/ulpi/,FPT-STATICIP-NET,,,,,3600,13,6,0,6,0.0,0.0,0.0,0.0,0.0,0.0,0.0,2.0,0.0,0.0,0.0,0.0,0.0,0.0,0.0,0.0,0.0,0.0,0.0,0.0,0.63636,0,0,0
http://dcfsdfds2fdhfgj.sbs/setup294.exe,,,,,,Error: The DNS query name does not exist: dcfsdfds2fdhfgj.sbs.,19,13,0,3,0.0,0.0,0.0,0.0,0.0,0.0,0.0,2.0,0.0,0.0,0.0,0.0,0.0,0.0,0.0,0.0,0.0,0.0,0.0,0.10256,1.0,0,1,1
http://dd.qngxgw.xyz/bot.arm,,368.0,-9.0,362.0,731.0,Error: The DNS query name does not exist: dd.qngxgw.xyz.,13,8,0,3,0.0,0.0,0.0,0.0,0.0,0.0,0.0,3.0,0.0,0.0,0.0,0.0,0.0,0.0,0.0,0.0,0.0,0.0,0.0,0.0,1.0,0,1,1
http://dd.qngxgw.xyz/bot.arm5,,368.0,-9.0,362.0,731.0,Error: The DNS query name does not exist: dd.qngxgw.xyz.,13,9,0,3,0.0,0.0,0.0,0.0,0.0,0.0,0.0,3.0,0.0,0.0,0.0,0.0,0.0,0.0,0.0,0.0,0.0,0.0,0.0,0.03448,1.0,0,0,0
http://dd.qngxgw.xyz/bot.arm6,,368.0,-9.0,362.0,731.0,Error: The DNS query name does not exist: dd.qngxgw.xyz.,13,9,0,3,0.0,0.0,0.0,0.0,0.0,0.0,0.0,3.0,0.0,0.0,0.0,0.0,0.0,0.0,0.0,0.0,0.0,0.0,0.0,0.03448,1.0,0,0,0
http://dd.qngxgw.xyz/bot.arm7,,368.0,-9.0,362.0,731.0,Error: The DNS query name does not exist: dd.qngxgw.xyz.,13,9,0,3,0.0,0.0,0.0,0.0,0.0,0.0,0.0,3.0,0.0,0.0,0.0,0.0,0.0,0.0,0.0,0.0,0.0,0.0,0.0,0.03448,1.0,0,0,0
http://dd.qngxgw.xyz/bot.m68k,,368.0,-9.0,362.0,731.0,Error: The DNS query name does not exist: dd.qngxgw.xyz.,13,9,0,3,0.0,0.0,0.0,0.0,0.0,0.0,0.0,3.0,0.0,0.0,0.0,0.0,0.0,0.0,0.0,0.0,0.0,0.0,0.0,0.06897,1.0,0,0,0
http://dd.qngxgw.xyz/bot.mips,,368.0,-9.0,362.0,731.0,Error: The DNS query name does not exist: dd.qngxgw.xyz.,13,9,0,3,0.0,0.0,0.0,0.0,0.0,0.0,0.0,3.0,0.0,0.0,0.0,0.0,0.0,0.0,0.0,0.0,0.0,0.0,0.0,0.0,1.0,0,0,0
http://dd.qngxgw.xyz/bot.mpsl,,368.0,-9.0,362.0,731.0,Error: The DNS query name does not exist: dd.qngxgw.xyz.,13,9,0,3,0.0,0.0,0.0,0.0,0.0,0.0,0.0,3.0,0.0,0.0,0.0,0.0,0.0,0.0,0.0,0.0,0.0,0.0,0.0,0.0,1.0,0,0,0
http://dd.qngxgw.xyz/bot.ppc,,368.0,-9.0,362.0,731.0,Error: The DNS query name does not exist: dd.qngxgw.xyz.,13,8,0,3,0.0,0.0,0.0,0.0,0.0,0.0,0.0,3.0,0.0,0.0,0.0,0.0,0.0,0.0,0.0,0.0,0.0,0.0,0.0,0.0,1.0,0,1,1
http://dd.qngxgw.xyz/bot.sh4,,368.0,-9.0,362.0,731.0,Error: The DNS query name does not exist: dd.qngxgw.xyz.,13,8,0,3,0.0,0.0,0.0,0.0,0.0,0.0,0.0,3.0,0.0,0.0,0.0,0.0,0.0,0.0,0.0,0.0,0.0,0.0,0.0,0.03571,1.0,0,0,0
http://dd.qngxgw.xyz/bot.x86,,368.0,-9.0,362.0,731.0,Error: The DNS query name does not exist: dd.qngxgw.xyz.,13,8,0,3,0.0,0.0,0.0,0.0,0.0,0.0,0.0,3.0,0.0,0.0,0.0,0.0,0.0,0.0,0.0,0.0,0.0,0.0,0.0,0.07143,1.0,0,0,0
http://dd.qngxgw.xyz/bot.x86_64,,368.0,-9.0,362.0,731.0,Error: The DNS query name does not exist: dd.qngxgw.xyz.,13,11,0,3,0.0,0.0,0.0,0.0,0.0,0.0,0.0,3.0,1.0,0.0,0.0,0.0,0.0,0.0,0.0,0.0,0.0,0.0,0.0,0.12903,1.0,0,0,0
http://defendamazon.com.br/atu/,UNIFIEDLAYER-NETWORK-16,1018.0,318.0,78.0,1096.0,14400,19,5,0,6,0.0,0.0,0.0,0.0,0.0,0.0,0.0,2.0,0.0,0.0,0.0,0.0,0.0,0.0,0.0,0.0,0.0,0.0,0.0,0.0,0.64706,0,0,0
http://defendamazon.com.br/et/,UNIFIEDLAYER-NETWORK-16,1018.0,318.0,78.0,1096.0,14400,19,4,0,6,0.0,0.0,0.0,0.0,0.0,0.0,0.0,2.0,0.0,0.0,0.0,0.0,0.0,0.0,0.0,0.0,0.0,0.0,0.0,0.0,0.64706,0,0,0
http://defendamazon.org/eocn/,UNIFIEDLAYER-NETWORK-16,1016.0,162.0,79.0,1096.0,14400,16,6,0,3,0.0,0.0,0.0,0.0,0.0,0.0,0.0,1.0,0.0,0.0,0.0,0.0,0.0,0.0,0.0,0.0,0.0,0.0,0.0,0.0,0.6,0,0,0
http://delsafa.com/ros/,SCALA-NY2,995.0,54.0,100.0,1096.0,14400,11,5,0,3,0.0,0.0,0.0,0.0,0.0,0.0,0.0,1.0,0.0,0.0,0.0,0.0,0.0,0.0,0.0,0.0,0.0,0.0,0.0,0.0,0.6,0,0,0
http://demo.nessotechbd.com/amd.exe,HGBLOCK-10,4436.0,54.0,312.0,4749.0,14400,20,8,0,3,0.0,0.0,0.0,0.0,0.0,0.0,0.0,3.0,0.0,0.0,0.0,0.0,0.0,0.0,0.0,0.0,0.0,0.0,0.0,0.0,0.66667,0,1,1
http://desdeelsentir.cl/ai/,GOOGL-2,766.0,,329.0,1096.0,86400,16,4,0,2,0.0,0.0,0.0,0.0,0.0,0.0,0.0,1.0,0.0,0.0,0.0,0.0,0.0,0.0,0.0,0.0,0.0,0.0,0.0,0.0,0.66667,0,0,0
http://dgmobilewelding.co.uk/rlq/,KRYSTAL,3643.0,48.0,9.0,3652.0,7437,21,5,0,5,0.0,0.0,0.0,0.0,0.0,0.0,0.0,2.0,0.0,0.0,0.0,0.0,0.0,0.0,0.0,0.0,0.0,0.0,0.0,0.0,0.63158,0,0,0
http://diamondcity.vn/attivita/index.php,VISITEC-VN,,,,,3600,14,19,0,2,0.0,0.0,0.0,0.0,0.0,0.0,0.0,2.0,0.0,0.0,0.0,0.0,0.0,0.0,0.0,0.0,0.0,0.0,0.0,0.0,0.69231,0,1,1
http://diliganz.lk/ed/,MTT-LK,,,,,28800,11,4,0,2,0.0,0.0,0.0,0.0,0.0,0.0,0.0,1.0,0.0,0.0,0.0,0.0,0.0,0.0,0.0,0.0,0.0,0.0,0.0,0.0,0.7,0,0,0
http://djbaccess.co.uk/at/,KRYSTAL,3757.0,201.0,261.0,4018.0,14400,15,4,0,5,0.0,0.0,0.0,0.0,0.0,0.0,0.0,2.0,0.0,0.0,0.0,0.0,0.0,0.0,0.0,0.0,0.0,0.0,0.0,0.0,0.69231,0,0,0
http://djbaccess.co.uk/td/,KRYSTAL,3757.0,201.0,261.0,4018.0,14400,15,4,0,5,0.0,0.0,0.0,0.0,0.0,0.0,0.0,2.0,0.0,0.0,0.0,0.0,0.0,0.0,0.0,0.0,0.0,0.0,0.0,0.0,0.69231,0,0,0
http://dl.qishia.com/softs/ck8.exe,PEG-TECH-CGNT-NET-8,2656.0,98.0,265.0,2922.0,600,13,14,0,3,0.0,0.0,0.0,0.0,0.0,0.0,0.0,3.0,0.0,0.0,0.0,0.0,0.0,0.0,0.0,0.0,0.0,0.0,0.0,0.02941,0.63636,0,1,1
http://dohrmann-projekt.de/agenzia/automaticamente/index.php,DE-ROCKINGHOSTER-20180608,,1151.0,,,600,19,34,0,2,0.0,0.0,0.0,0.0,0.0,0.0,0.0,2.0,0.0,1.0,0.0,0.0,0.0,0.0,0.0,0.0,0.0,0.0,0.0,0.0,0.70588,0,1,1
http://dohrmann-projekt.de/headers/automaticamente/index.php,DE-ROCKINGHOSTER-20180608,,1151.0,,,600,19,34,0,2,0.0,0.0,0.0,0.0,0.0,0.0,0.0,2.0,0.0,1.0,0.0,0.0,0.0,0.0,0.0,0.0,0.0,0.0,0.0,0.0,0.70588,0,1,1
http://doodlesz.app/Binary.exe,GIR_SER-NET,323.0,318.0,42.0,366.0,1799,12,11,0,3,0.0,0.0,0.0,0.0,0.0,0.0,0.0,2.0,0.0,0.0,0.0,0.0,0.0,0.0,0.0,0.0,0.0,0.0,0.03333,0.0,0.63636,0,1,1
http://doodlesz.app/Morning.exe,GIR_SER-NET,323.0,318.0,42.0,366.0,647,12,12,0,3,0.0,0.0,0.0,0.0,0.0,0.0,0.0,2.0,0.0,0.0,0.0,0.0,0.0,0.0,0.0,0.0,0.0,0.0,0.03226,0.0,0.63636,0,1,1
http://dotarte.com.co/sl/,,2110.0,81.0,81.0,2192.0,3600,14,4,0,6,0.0,0.0,0.0,0.0,0.0,0.0,0.0,2.0,0.0,0.0,0.0,0.0,0.0,0.0,0.0,0.0,0.0,0.0,0.0,0.0,0.58333,0,0,0
http://download.asyncfox.xyz/download/multi.sh,,224.0,56.0,141.0,366.0,86400,21,18,0,3,0.0,0.0,0.0,0.0,0.0,0.0,0.0,3.0,0.0,0.0,0.0,0.0,0.0,0.0,0.0,0.0,0.0,0.0,0.0,0.0,0.73684,0,1,1
http://dsrtc-chanka.gob.pe/em/,,,,,,3600,19,4,0,6,0.0,0.0,0.0,0.0,0.0,0.0,0.0,2.0,0.0,1.0,0.0,0.0,0.0,0.0,0.0,0.0,0.0,0.0,0.0,0.0,0.75,0,0,0
http://dsrtc-chanka.gob.pe/nt/,,,,,,3600,19,4,0,6,0.0,0.0,0.0,0.0,0.0,0.0,0.0,2.0,0.0,1.0,0.0,0.0,0.0,0.0,0.0,0.0,0.0,0.0,0.0,0.0,0.75,0,0,0
http://echothesky.eu.org/bins/mirai.arm,CC-192-227-231-0-24,,,,,300,17,15,0,3,0.0,0.0,0.0,0.0,0.0,0.0,0.0,3.0,0.0,0.0,0.0,0.0,0.0,0.0,0.0,0.0,0.0,0.0,0.0,0.0,0.6,0,1,1
http://echothesky.eu.org/bins/mirai.arm7,CC-192-227-231-0-24,,,,,300,17,16,0,3,0.0,0.0,0.0,0.0,0.0,0.0,0.0,3.0,0.0,0.0,0.0,0.0,0.0,0.0,0.0,0.0,0.0,0.0,0.0,0.025,0.6,0,0,0
http://echothesky.eu.org/bins/mirai.m68k,CC-192-227-231-0-24,,,,,300,17,16,0,3,0.0,0.0,0.0,0.0,0.0,0.0,0.0,3.0,0.0,0.0,0.0,0.0,0.0,0.0,0.0,0.0,0.0,0.0,0.0,0.05,0.6,0,0,0
http://echothesky.eu.org/bins/mirai.mips,CC-192-227-231-0-24,,,,,300,17,16,0,3,0.0,0.0,0.0,0.0,0.0,0.0,0.0,3.0,0.0,0.0,0.0,0.0,0.0,0.0,0.0,0.0,0.0,0.0,0.0,0.0,0.6,0,0,0
http://echothesky.eu.org/bins/mirai.mpsl,CC-192-227-231-0-24,,,,,300,17,16,0,3,0.0,0.0,0.0,0.0,0.0,0.0,0.0,3.0,0.0,0.0,0.0,0.0,0.0,0.0,0.0,0.0,0.0,0.0,0.0,0.0,0.6,0,0,0
http://echothesky.eu.org/bins/mirai.ppc,CC-192-227-231-0-24,,,,,300,17,15,0,3,0.0,0.0,0.0,0.0,0.0,0.0,0.0,3.0,0.0,0.0,0.0,0.0,0.0,0.0,0.0,0.0,0.0,0.0,0.0,0.0,0.6,0,1,1
http://echothesky.eu.org/bins/mirai.sh4,CC-192-227-231-0-24,,,,,300,17,15,0,3,0.0,0.0,0.0,0.0,0.0,0.0,0.0,3.0,0.0,0.0,0.0,0.0,0.0,0.0,0.0,0.0,0.0,0.0,0.0,0.02564,0.6,0,0,0
http://echothesky.eu.org/bins/mirai.spc,CC-192-227-231-0-24,,,,,300,17,15,0,3,0.0,0.0,0.0,0.0,0.0,0.0,0.0,3.0,0.0,0.0,0.0,0.0,0.0,0.0,0.0,0.0,0.0,0.0,0.0,0.0,0.6,0,1,1
http://echothesky.eu.org/bins/mirai.x86,CC-192-227-231-0-24,,,,,300,17,15,0,3,0.0,0.0,0.0,0.0,0.0,0.0,0.0,3.0,0.0,0.0,0.0,0.0,0.0,0.0,0.0,0.0,0.0,0.0,0.0,0.05128,0.6,0,0,0
http://echothesky.eu.org/bins/miraint.arm,CC-192-227-231-0-24,,,,,300,17,17,0,3,0.0,0.0,0.0,0.0,0.0,0.0,0.0,3.0,0.0,0.0,0.0,0.0,0.0,0.0,0.0,0.0,0.0,0.0,0.0,0.0,0.6,0,1,1
http://echothesky.eu.org/bins/miraint.arm7,CC-192-227-231-0-24,,,,,299,17,18,0,3,0.0,0.0,0.0,0.0,0.0,0.0,0.0,3.0,0.0,0.0,0.0,0.0,0.0,0.0,0.0,0.0,0.0,0.0,0.0,0.02381,0.6,0,0,0
http://echothesky.eu.org/bins/miraint.m68k,CC-192-227-231-0-24,,,,,299,17,18,0,3,0.0,0.0,0.0,0.0,0.0,0.0,0.0,3.0,0.0,0.0,0.0,0.0,0.0,0.0,0.0,0.0,0.0,0.0,0.0,0.04762,0.6,0,0,0
http://echothesky.eu.org/bins/miraint.mips,CC-192-227-231-0-24,,,,,300,17,18,0,3,0.0,0.0,0.0,0.0,0.0,0.0,0.0,3.0,0.0,0.0,0.0,0.0,0.0,0.0,0.0,0.0,0.0,0.0,0.0,0.0,0.6,0,0,0
http://echothesky.eu.org/bins/miraint.mpsl,CC-192-227-231-0-24,,,,,300,17,18,0,3,0.0,0.0,0.0,0.0,0.0,0.0,0.0,3.0,0.0,0.0,0.0,0.0,0.0,0.0,0.0,0.0,0.0,0.0,0.0,0.0,0.6,0,0,0
http://echothesky.eu.org/bins/miraint.ppc,CC-192-227-231-0-24,,,,,300,17,17,0,3,0.0,0.0,0.0,0.0,0.0,0.0,0.0,3.0,0.0,0.0,0.0,0.0,0.0,0.0,0.0,0.0,0.0,0.0,0.0,0.0,0.6,0,1,1
http://echothesky.eu.org/bins/miraint.sh4,CC-192-227-231-0-24,,,,,300,17,17,0,3,0.0,0.0,0.0,0.0,0.0,0.0,0.0,3.0,0.0,0.0,0.0,0.0,0.0,0.0,0.0,0.0,0.0,0.0,0.0,0.02439,0.6,0,0,0
http://echothesky.eu.org/bins/miraint.spc,CC-192-227-231-0-24,,,,,300,17,17,0,3,0.0,0.0,0.0,0.0,0.0,0.0,0.0,3.0,0.0,0.0,0.0,0.0,0.0,0.0,0.0,0.0,0.0,0.0,0.0,0.0,0.6,0,1,1
http://echothesky.eu.org/bins/miraint.x86,CC-192-227-231-0-24,,,,,299,17,17,0,3,0.0,0.0,0.0,0.0,0.0,0.0,0.0,3.0,0.0,0.0,0.0,0.0,0.0,0.0,0.0,0.0,0.0,0.0,0.0,0.04878,0.6,0,0,0
http://echothesky.eu.org/mirai.arm,CC-192-227-231-0-24,,,,,299,17,10,0,3,0.0,0.0,0.0,0.0,0.0,0.0,0.0,3.0,0.0,0.0,0.0,0.0,0.0,0.0,0.0,0.0,0.0,0.0,0.0,0.0,0.6,0,1,1
http://echothesky.eu.org/mirai.arm7,CC-192-227-231-0-24,,,,,299,17,11,0,3,0.0,0.0,0.0,0.0,0.0,0.0,0.0,3.0,0.0,0.0,0.0,0.0,0.0,0.0,0.0,0.0,0.0,0.0,0.0,0.02857,0.6,0,0,0
http://echothesky.eu.org/mirai.m68k,CC-192-227-231-0-24,,,,,300,17,11,0,3,0.0,0.0,0.0,0.0,0.0,0.0,0.0,3.0,0.0,0.0,0.0,0.0,0.0,0.0,0.0,0.0,0.0,0.0,0.0,0.05714,0.6,0,0,0
http://echothesky.eu.org/mirai.mips,CC-192-227-231-0-24,,,,,300,17,11,0,3,0.0,0.0,0.0,0.0,0.0,0.0,0.0,3.0,0.0,0.0,0.0,0.0,0.0,0.0,0.0,0.0,0.0,0.0,0.0,0.0,0.6,0,0,0
http://echothesky.eu.org/mirai.mpsl,CC-192-227-231-0-24,,,,,299,17,11,0,3,0.0,0.0,0.0,0.0,0.0,0.0,0.0,3.0,0.0,0.0,0.0,0.0,0.0,0.0,0.0,0.0,0.0,0.0,0.0,0.0,0.6,0,0,0
http://echothesky.eu.org/mirai.ppc,CC-192-227-231-0-24,,,,,299,17,10,0,3,0.0,0.0,0.0,0.0,0.0,0.0,0.0,3.0,0.0,0.0,0.0,0.0,0.0,0.0,0.0,0.0,0.0,0.0,0.0,0.0,0.6,0,1,1
http://echothesky.eu.org/mirai.sh4,CC-192-227-231-0-24,,,,,300,17,10,0,3,0.0,0.0,0.0,0.0,0.0,0.0,0.0,3.0,0.0,0.0,0.0,0.0,0.0,0.0,0.0,0.0,0.0,0.0,0.0,0.02941,0.6,0,0,0
http://echothesky.eu.org/mirai.spc,CC-192-227-231-0-24,,,,,300,17,10,0,3,0.0,0.0,0.0,0.0,0.0,0.0,0.0,3.0,0.0,0.0,0.0,0.0,0.0,0.0,0.0,0.0,0.0,0.0,0.0,0.0,0.6,0,1,1
http://echothesky.eu.org/mirai.x86,CC-192-227-231-0-24,,,,,299,17,10,0,3,0.0,0.0,0.0,0.0,0.0,0.0,0.0,3.0,0.0,0.0,0.0,0.0,0.0,0.0,0.0,0.0,0.0,0.0,0.0,0.05882,0.6,0,0,0
http://echothesky.eu.org/miraint.arm,CC-192-227-231-0-24,,,,,300,17,12,0,3,0.0,0.0,0.0,0.0,0.0,0.0,0.0,3.0,0.0,0.0,0.0,0.0,0.0,0.0,0.0,0.0,0.0,0.0,0.0,0.0,0.6,0,1,1
http://echothesky.eu.org/miraint.arm7,CC-192-227-231-0-24,,,,,300,17,13,0,3,0.0,0.0,0.0,0.0,0.0,0.0,0.0,3.0,0.0,0.0,0.0,0.0,0.0,0.0,0.0,0.0,0.0,0.0,0.0,0.02703,0.6,0,0,0
http://echothesky.eu.org/miraint.m68k,CC-192-227-231-0-24,,,,,300,17,13,0,3,0.0,0.0,0.0,0.0,0.0,0.0,0.0,3.0,0.0,0.0,0.0,0.0,0.0,0.0,0.0,0.0,0.0,0.0,0.0,0.05405,0.6,0,0,0
http://echothesky.eu.org/miraint.mips,CC-192-227-231-0-24,,,,,299,17,13,0,3,0.0,0.0,0.0,0.0,0.0,0.0,0.0,3.0,0.0,0.0,0.0,0.0,0.0,0.0,0.0,0.0,0.0,0.0,0.0,0.0,0.6,0,0,0
http://echothesky.eu.org/miraint.mpsl,CC-192-227-231-0-24,,,,,300,17,13,0,3,0.0,0.0,0.0,0.0,0.0,0.0,0.0,3.0,0.0,0.0,0.0,0.0,0.0,0.0,0.0,0.0,0.0,0.0,0.0,0.0,0.6,0,0,0
http://echothesky.eu.org/miraint.ppc,CC-192-227-231-0-24,,,,,300,17,12,0,3,0.0,0.0,0.0,0.0,0.0,0.0,0.0,3.0,0.0,0.0,0.0,0.0,0.0,0.0,0.0,0.0,0.0,0.0,0.0,0.0,0.6,0,1,1
http://echothesky.eu.org/miraint.sh4,CC-192-227-231-0-24,,,,,299,17,12,0,3,0.0,0.0,0.0,0.0,0.0,0.0,0.0,3.0,0.0,0.0,0.0,0.0,0.0,0.0,0.0,0.0,0.0,0.0,0.0,0.02778,0.6,0,0,0
http://echothesky.eu.org/miraint.spc,CC-192-227-231-0-24,,,,,299,17,12,0,3,0.0,0.0,0.0,0.0,0.0,0.0,0.0,3.0,0.0,0.0,0.0,0.0,0.0,0.0,0.0,0.0,0.0,0.0,0.0,0.0,0.6,0,1,1
http://echothesky.eu.org/miraint.x86,CC-192-227-231-0-24,,,,,300,17,12,0,3,0.0,0.0,0.0,0.0,0.0,0.0,0.0,3.0,0.0,0.0,0.0,0.0,0.0,0.0,0.0,0.0,0.0,0.0,0.0,0.05556,0.6,0,0,0
http://ecocarstraders.co.za/xate/,,2254.0,111.0,302.0,2557.0,1800,20,6,0,5,0.0,0.0,0.0,0.0,0.0,0.0,0.0,2.0,0.0,0.0,0.0,0.0,0.0,0.0,0.0,0.0,0.0,0.0,0.0,0.0,0.61111,0,0,0
http://economistasyasesores.com/finanz/Amministrazione.zip,REDESTEL-ZGZ-HOSTING-4,8697.0,301.0,68.0,8765.0,86400,24,27,0,3,0.0,0.0,0.0,0.0,0.0,0.0,0.0,2.0,0.0,0.0,0.0,0.0,0.0,0.0,0.0,0.0,0.0,0.0,0.01724,0.0,0.56522,0,1,1
http://ecox.pt/Fladtrykt.xsn,PT-ALMOUROLTEC,,,,,300,7,14,0,2,0.0,0.0,0.0,0.0,0.0,0.0,0.0,2.0,0.0,0.0,0.0,0.0,0.0,0.0,0.0,0.0,0.0,0.0,0.03571,0.0,0.66667,0,0,0
http://ecox.pt/Henrykkelsers.emz,PT-ALMOUROLTEC,,,,,300,7,18,0,2,0.0,0.0,0.0,0.0,0.0,0.0,0.0,2.0,0.0,0.0,0.0,0.0,0.0,0.0,0.0,0.0,0.0,0.0,0.03125,0.0,0.66667,0,0,0
http://ecox.pt/IpAzT48.bin,PT-ALMOUROLTEC,,,,,300,7,12,0,2,0.0,0.0,0.0,0.0,0.0,0.0,0.0,2.0,0.0,0.0,0.0,0.0,0.0,0.0,0.0,0.0,0.0,0.0,0.11538,0.07692,0.66667,0,1,1
http://ecox.pt/PfEHVXHMUrQ218.bin,PT-ALMOUROLTEC,,,,,300,7,19,0,2,0.0,0.0,0.0,0.0,0.0,0.0,0.0,2.0,0.0,0.0,0.0,0.0,0.0,0.0,0.0,0.0,0.0,0.0,0.27273,0.09091,0.66667,0,1,1
http://ecox.pt/uKFUIun170.bin,PT-ALMOUROLTEC,,,,,300,7,15,0,2,0.0,0.0,0.0,0.0,0.0,0.0,0.0,2.0,0.0,0.0,0.0,0.0,0.0,0.0,0.0,0.0,0.0,0.0,0.13793,0.10345,0.66667,0,1,1
http://egocom.com.mx/lnb/,HGBLOCK-10,5843.0,-10.0,366.0,6209.0,14400,13,5,0,6,0.0,0.0,0.0,0.0,0.0,0.0,0.0,2.0,0.0,0.0,0.0,0.0,0.0,0.0,0.0,0.0,0.0,0.0,0.0,0.0,0.63636,0,0,0
http://eighttimeseight.com/oem/,GO-DADDY-COM-LLC,1201.0,105.0,624.0,1826.0,600,19,5,0,3,0.0,0.0,0.0,0.0,0.0,0.0,0.0,1.0,0.0,0.0,0.0,0.0,0.0,0.0,0.0,0.0,0.0,0.0,0.0,0.0,0.61111,0,0,0
http://ejstowing.com/omt/,NCNET-2,2010.0,111.0,181.0,2192.0,1200,13,5,0,3,0.0,0.0,0.0,0.0,0.0,0.0,0.0,1.0,0.0,0.0,0.0,0.0,0.0,0.0,0.0,0.0,0.0,0.0,0.0,0.0,0.66667,0,0,0
http://element5.mx/iaum/,COLO4-INFUSEWEB-052608-01,3200.0,87.0,88.0,3288.0,300,11,6,0,2,0.0,0.0,0.0,0.0,0.0,0.0,0.0,1.0,0.0,0.0,0.0,0.0,0.0,0.0,0.0,0.0,0.0,0.0,0.0,0.04167,0.66667,0,0,0
http://elevecosmeticos.com.br/attivita/index.php,116620,1202.0,1201.0,624.0,1826.0,3600,22,19,0,6,0.0,0.0,0.0,0.0,0.0,0.0,0.0,3.0,0.0,0.0,0.0,0.0,0.0,0.0,0.0,0.0,0.0,0.0,0.0,0.0,0.6,0,1,1
http://emgvod.com/uploads/logo3.jpg,BORANET-KR,42.0,42.0,323.0,366.0,150,10,18,0,3,0.0,0.0,0.0,0.0,0.0,0.0,0.0,2.0,0.0,0.0,0.0,0.0,0.0,0.0,0.0,0.0,0.0,0.0,0.0,0.02857,0.66667,0,1,1
http://empercudiera.sa.com/.well-known/icha/Gnetac.afm,,,,,,Error: The DNS query name does not exist: empercudiera.sa.com.,19,28,0,3,0.0,0.0,0.0,0.0,0.0,0.0,0.0,4.0,0.0,1.0,0.0,0.0,0.0,0.0,0.0,0.0,0.0,0.0,0.01852,0.0,0.52941,0,0,0
http://empercudiera.sa.com/.well-known/icha/vEyEbQTr21.bin,,,,,,Error: The DNS query name does not exist: empercudiera.sa.com.,19,32,0,3,0.0,0.0,0.0,0.0,0.0,0.0,0.0,4.0,0.0,1.0,0.0,0.0,0.0,0.0,0.0,0.0,0.0,0.0,0.06897,0.03448,0.52941,0,1,1
http://equiticoy.top/vasity/aby.exe,AE-SAILORHOST-20170406,183.0,12.0,182.0,366.0,14400,13,15,0,3,0.0,0.0,0.0,0.0,0.0,0.0,0.0,2.0,0.0,0.0,0.0,0.0,0.0,0.0,0.0,0.0,0.0,0.0,0.0,0.0,0.5,0,1,1
http://equiticoy.top/vasity/afkjo.vbs,AE-SAILORHOST-20170406,183.0,12.0,182.0,366.0,14400,13,17,0,3,0.0,0.0,0.0,0.0,0.0,0.0,0.0,2.0,0.0,0.0,0.0,0.0,0.0,0.0,0.0,0.0,0.0,0.0,0.0,0.0,0.5,0,1,1
http://equiticoy.top/vasity/bdol.exe,AE-SAILORHOST-20170406,183.0,12.0,182.0,366.0,13310,13,16,0,3,0.0,0.0,0.0,0.0,0.0,0.0,0.0,2.0,0.0,0.0,0.0,0.0,0.0,0.0,0.0,0.0,0.0,0.0,0.0,0.0,0.5,0,1,1
http://equiticoy.top/vasity/nerd.exe,AE-SAILORHOST-20170406,183.0,12.0,182.0,366.0,14400,13,16,0,3,0.0,0.0,0.0,0.0,0.0,0.0,0.0,2.0,0.0,0.0,0.0,0.0,0.0,0.0,0.0,0.0,0.0,0.0,0.0,0.0,0.5,0,1,1
http://eraport.dfirma.pl/attivita/index.php,DHOSTING-PL,,,,,900,17,19,0,2,0.0,0.0,0.0,0.0,0.0,0.0,0.0,3.0,0.0,0.0,0.0,0.0,0.0,0.0,0.0,0.0,0.0,0.0,0.0,0.0,0.66667,0,1,1
http://erpunique.com/mnau/,IPXO,1211.0,132.0,249.0,1461.0,14400,13,6,0,3,0.0,0.0,0.0,0.0,0.0,0.0,0.0,1.0,0.0,0.0,0.0,0.0,0.0,0.0,0.0,0.0,0.0,0.0,0.0,0.0,0.5,0,0,0
http://esellbazar.com/tu/,,1267.0,178.0,193.0,1461.0,Error: All nameservers failed to answer the query esellbazar.com. IN A: Server 168.126.63.1 UDP port 53 answered SERVFAIL; Server 168.126.63.2 UDP port 53 answered SERVFAIL,14,4,0,3,0.0,0.0,0.0,0.0,0.0,0.0,0.0,1.0,0.0,0.0,0.0,0.0,0.0,0.0,0.0,0.0,0.0,0.0,0.0,0.0,0.61538,0,0,0
http://ethaket.info/tanku/wezg.vbs,,154.0,62.0,211.0,366.0,Error: The DNS query name does not exist: ethaket.info.,12,15,0,4,0.0,0.0,0.0,0.0,0.0,0.0,0.0,2.0,0.0,0.0,0.0,0.0,0.0,0.0,0.0,0.0,0.0,0.0,0.0,0.0,0.54545,0,1,1
http://ethio-health.com/iuap/,LINODE,2238.0,46.0,318.0,2557.0,14400,16,6,0,3,0.0,0.0,0.0,0.0,0.0,0.0,0.0,1.0,0.0,1.0,0.0,0.0,0.0,0.0,0.0,0.0,0.0,0.0,0.0,0.0,0.57143,0,0,0
http://eusketxe.com/s/putty.jar,,742.0,41.0,718.0,1461.0,14400,12,12,0,3,0.0,0.0,0.0,0.0,0.0,0.0,0.0,2.0,0.0,0.0,0.0,0.0,0.0,0.0,0.0,0.0,0.0,0.0,0.0,0.0,0.54545,0,1,1
http://eventservice.rs/images/icon/bush.exe,ORIONTELEKOMTIMHOSTING-NET,,,280.0,,300,15,21,0,2,0.0,0.0,0.0,0.0,0.0,0.0,0.0,2.0,0.0,0.0,0.0,0.0,0.0,0.0,0.0,0.0,0.0,0.0,0.0,0.0,0.64286,0,1,1
http://evgenzow.beget.tech/ComMonitorDll.exe,,2702.0,144.0,219.0,2922.0,Error: The DNS query name does not exist: evgenzow.beget.tech.,19,18,0,4,0.0,0.0,0.0,0.0,0.0,0.0,0.0,3.0,0.0,0.0,0.0,0.0,0.0,0.0,0.0,0.0,0.0,0.0,0.06818,0.0,0.64706,0,1,1
http://examcenter.ng/aet/,HETZNER-RZ-NBG-NET,,,,,13323,13,5,0,2,0.0,0.0,0.0,0.0,0.0,0.0,0.0,1.0,0.0,0.0,0.0,0.0,0.0,0.0,0.0,0.0,0.0,0.0,0.0,0.0,0.66667,0,0,0
http://expaceos.com/ae/,GO-DADDY-COM-LLC,1146.0,50.0,314.0,1461.0,10800,12,4,0,3,0.0,0.0,0.0,0.0,0.0,0.0,0.0,1.0,0.0,0.0,0.0,0.0,0.0,0.0,0.0,0.0,0.0,0.0,0.0,0.0,0.54545,0,0,0
http://expaceos.com/iqn/,GO-DADDY-COM-LLC,1146.0,50.0,314.0,1461.0,10800,12,5,0,3,0.0,0.0,0.0,0.0,0.0,0.0,0.0,1.0,0.0,0.0,0.0,0.0,0.0,0.0,0.0,0.0,0.0,0.0,0.0,0.0,0.54545,0,0,0
http://expeditionarystories.co/eero/,LINODE,240.0,150.0,125.0,366.0,14400,23,6,0,2,0.0,0.0,0.0,0.0,0.0,0.0,0.0,1.0,0.0,0.0,0.0,0.0,0.0,0.0,0.0,0.0,0.0,0.0,0.0,0.0,0.54545,0,0,0
http://expeditionarystories.co/sdsq/,LINODE,240.0,150.0,125.0,366.0,14400,23,6,0,2,0.0,0.0,0.0,0.0,0.0,0.0,0.0,1.0,0.0,0.0,0.0,0.0,0.0,0.0,0.0,0.0,0.0,0.0,0.0,0.0,0.54545,0,0,0
http://ex-yu.site/edea/,,,,,,Error: All nameservers failed to answer the query ex-yu.site. IN A: Server 168.126.63.1 UDP port 53 answered SERVFAIL; Server 168.126.63.2 UDP port 53 answered SERVFAIL,10,6,0,4,0.0,0.0,0.0,0.0,0.0,0.0,0.0,1.0,0.0,1.0,0.0,0.0,0.0,0.0,0.0,0.0,0.0,0.0,0.0,0.0,0.5,0,0,0
http://f0868357.xsph.ru/79.exe,SPRINTHOST-NET-192,5654.0,,189.0,5844.0,7200,16,7,0,2,0.0,0.0,0.0,0.0,0.0,0.0,0.0,3.0,0.0,0.0,0.0,0.0,0.0,0.0,0.0,0.0,0.0,0.0,0.0,0.3,0.85714,0,1,1
http://f0868357.xsph.ru/u.exe,SPRINTHOST-NET-192,5654.0,,189.0,5844.0,7200,16,6,0,2,0.0,0.0,0.0,0.0,0.0,0.0,0.0,3.0,0.0,0.0,0.0,0.0,0.0,0.0,0.0,0.0,0.0,0.0,0.0,0.24138,0.85714,0,1,1
http://f7aaww.razercelullares.motorcycles,,,,,,Error: The DNS query name does not exist: f7aaww.razercelullares.motorcycles.,34,0,0,11,0.0,0.0,0.0,0.0,0.0,0.0,0.0,2.0,0.0,0.0,0.0,0.0,0.0,0.0,0.0,0.0,0.0,0.0,0.0,0.02439,0.64516,0,0,0
http://fabianonetto.icu/InstallSetup1.exe,,81.0,68.0,284.0,366.0,Error: The DNS query name does not exist: fabianonetto.icu.,16,18,0,3,0.0,0.0,0.0,0.0,0.0,0.0,0.0,2.0,0.0,0.0,0.0,0.0,0.0,0.0,0.0,0.0,0.0,0.0,0.04878,0.02439,0.46667,0,1,1
http://fabianonetto.icu/InstallSetup2.exe,,81.0,68.0,284.0,366.0,Error: The DNS query name does not exist: fabianonetto.icu.,16,18,0,3,0.0,0.0,0.0,0.0,0.0,0.0,0.0,2.0,0.0,0.0,0.0,0.0,0.0,0.0,0.0,0.0,0.0,0.0,0.04878,0.02439,0.46667,0,1,1
http://fabianonetto.icu/InstallSetup3.exe,,81.0,68.0,284.0,366.0,Error: The DNS query name does not exist: fabianonetto.icu.,16,18,0,3,0.0,0.0,0.0,0.0,0.0,0.0,0.0,2.0,0.0,0.0,0.0,0.0,0.0,0.0,0.0,0.0,0.0,0.0,0.04878,0.02439,0.46667,0,1,1
http://fabianonetto.icu/InstallSetup5.exe,,81.0,68.0,284.0,366.0,Error: The DNS query name does not exist: fabianonetto.icu.,16,18,0,3,0.0,0.0,0.0,0.0,0.0,0.0,0.0,2.0,0.0,0.0,0.0,0.0,0.0,0.0,0.0,0.0,0.0,0.0,0.04878,0.02439,0.46667,0,1,1
http://fabianonetto.icu/InstallSetup6.exe,,81.0,68.0,284.0,366.0,Error: The DNS query name does not exist: fabianonetto.icu.,16,18,0,3,0.0,0.0,0.0,0.0,0.0,0.0,0.0,2.0,0.0,0.0,0.0,0.0,0.0,0.0,0.0,0.0,0.0,0.0,0.04878,0.02439,0.46667,0,1,1
http://fabianonetto.icu/InstallSetup7.exe,,81.0,68.0,284.0,366.0,Error: The DNS query name does not exist: fabianonetto.icu.,16,18,0,3,0.0,0.0,0.0,0.0,0.0,0.0,0.0,2.0,0.0,0.0,0.0,0.0,0.0,0.0,0.0,0.0,0.0,0.0,0.04878,0.02439,0.46667,0,1,1
http://fabianonetto.icu/InstallSetup8.exe,,81.0,68.0,284.0,366.0,Error: The DNS query name does not exist: fabianonetto.icu.,16,18,0,3,0.0,0.0,0.0,0.0,0.0,0.0,0.0,2.0,0.0,0.0,0.0,0.0,0.0,0.0,0.0,0.0,0.0,0.0,0.04878,0.02439,0.46667,0,1,1
http://fabianonetto.icu/InstallSetup9.exe,,81.0,68.0,284.0,366.0,Error: The DNS query name does not exist: fabianonetto.icu.,16,18,0,3,0.0,0.0,0.0,0.0,0.0,0.0,0.0,2.0,0.0,0.0,0.0,0.0,0.0,0.0,0.0,0.0,0.0,0.0,0.04878,0.02439,0.46667,0,1,1
http://fabricadsonhos.tech/25/25,,135.0,54.0,230.0,366.0,Error: The DNS query name does not exist: fabricadsonhos.tech.,19,6,0,4,0.0,0.0,0.0,0.0,0.0,0.0,0.0,1.0,0.0,0.0,0.0,0.0,0.0,0.0,0.0,0.0,0.0,0.0,0.0,0.125,0.66667,0,0,0
http://faper.ddns.net/imaginebeingarm7,,,,,,360,14,17,0,3,0.0,0.0,0.0,0.0,0.0,0.0,0.0,2.0,0.0,0.0,0.0,0.0,0.0,0.0,0.0,0.0,0.0,0.0,0.0,0.02632,0.75,0,0,0
http://faper.ddns.net/imaginebeingmips,,,,,,360,14,17,0,3,0.0,0.0,0.0,0.0,0.0,0.0,0.0,2.0,0.0,0.0,0.0,0.0,0.0,0.0,0.0,0.0,0.0,0.0,0.0,0.0,0.75,0,0,0
http://fastdnkaaa.ffox.site/photo_dnkafan3.exe,SELECTEL-NET,,,,,3600,20,19,0,4,0.0,0.0,0.0,0.0,0.0,0.0,0.0,3.0,1.0,0.0,0.0,0.0,0.0,0.0,0.0,0.0,0.0,0.0,0.0,0.02174,0.61111,0,1,1
http://faststroygo.com/,RAMNODE-9,92.0,92.0,273.0,366.0,600,15,1,0,3,0.0,0.0,0.0,0.0,0.0,0.0,0.0,1.0,0.0,0.0,0.0,0.0,0.0,0.0,0.0,0.0,0.0,0.0,0.0,0.0,0.71429,0,0,0
http://faststroygo.com/jsslatecqpa,RAMNODE-9,92.0,92.0,273.0,366.0,600,15,12,0,3,0.0,0.0,0.0,0.0,0.0,0.0,0.0,1.0,0.0,0.0,0.0,0.0,0.0,0.0,0.0,0.0,0.0,0.0,0.0,0.0,0.71429,0,0,0
http://faststroygo.com/msilatecqpa,RAMNODE-9,92.0,92.0,273.0,366.0,600,15,12,0,3,0.0,0.0,0.0,0.0,0.0,0.0,0.0,1.0,0.0,0.0,0.0,0.0,0.0,0.0,0.0,0.0,0.0,0.0,0.0,0.0,0.71429,0,0,0
http://feynus.com/amdays.exe,AT-88-Z,589.0,495.0,141.0,731.0,600,10,11,0,3,0.0,0.0,0.0,0.0,0.0,0.0,0.0,2.0,0.0,0.0,0.0,0.0,0.0,0.0,0.0,0.0,0.0,0.0,0.0,0.0,0.66667,0,1,1
http://feynuus.org/software.exe,AT-88-Z,628.0,160.0,102.0,731.0,600,11,13,0,3,0.0,0.0,0.0,0.0,0.0,0.0,0.0,2.0,0.0,0.0,0.0,0.0,0.0,0.0,0.0,0.0,0.0,0.0,0.0,0.0,0.6,0,1,1
http://fmrockzarate.com.ar/ut/,SD-BHS-BHS7-B714B-MAGGIE-INFRA-002,3464.0,149.0,216.0,3680.0,14400,19,4,0,6,0.0,0.0,0.0,0.0,0.0,0.0,0.0,2.0,0.0,0.0,0.0,0.0,0.0,0.0,0.0,0.0,0.0,0.0,0.0,0.0,0.64706,0,0,0
http://focus2.minhacasa.tv:6656/Vre,,,,,,Error: The DNS response does not contain an answer to the question: focus2.minhacasa.tv. IN A,19,4,0,2,0.0,0.0,0.0,0.0,0.0,0.0,0.0,2.0,0.0,0.0,0.0,0.0,0.0,0.0,0.0,0.0,0.0,0.0,0.02857,0.14286,0.625,0,0,0
http://forest.himanfast.com/order/tuc5.exe,,94.0,94.0,271.0,366.0,Error: All nameservers failed to answer the query forest.himanfast.com. IN A: Server 168.126.63.1 UDP port 53 answered SERVFAIL; Server 168.126.63.2 UDP port 53 answered SERVFAIL,20,15,0,3,0.0,0.0,0.0,0.0,0.0,0.0,0.0,3.0,0.0,0.0,0.0,0.0,0.0,0.0,0.0,0.0,0.0,0.0,0.0,0.02381,0.66667,0,1,1
http://fortclean.net/eeta/,HGBLOCK-5,2846.0,319.0,75.0,2922.0,14400,13,6,0,3,0.0,0.0,0.0,0.0,0.0,0.0,0.0,1.0,0.0,0.0,0.0,0.0,0.0,0.0,0.0,0.0,0.0,0.0,0.0,0.0,0.66667,0,0,0
http://fresh1.ironoreprod.top/_errorpages/DDPbinzx.exe,,147.0,124.0,218.0,366.0,Error: The DNS query name does not exist: fresh1.ironoreprod.top.,22,25,0,3,0.0,0.0,0.0,0.0,0.0,0.0,0.0,3.0,1.0,0.0,0.0,0.0,0.0,0.0,0.0,0.0,0.0,0.0,0.05556,0.01852,0.63158,0,1,1
http://fresh1.ironoreprod.top/_errorpages/Djunoxmaxqi.exe,,147.0,124.0,218.0,366.0,Error: The DNS query name does not exist: fresh1.ironoreprod.top.,22,28,0,3,0.0,0.0,0.0,0.0,0.0,0.0,0.0,3.0,1.0,0.0,0.0,0.0,0.0,0.0,0.0,0.0,0.0,0.0,0.01754,0.01754,0.63158,0,1,1
http://fresh1.ironoreprod.top/_errorpages/obizx.exe,,147.0,124.0,218.0,366.0,Error: The DNS query name does not exist: fresh1.ironoreprod.top.,22,22,0,3,0.0,0.0,0.0,0.0,0.0,0.0,0.0,3.0,1.0,0.0,0.0,0.0,0.0,0.0,0.0,0.0,0.0,0.0,0.0,0.01961,0.63158,0,1,1
http://fresh1.ironoreprod.top/_errorpages/wealthzx.exe,,147.0,124.0,218.0,366.0,Error: The DNS query name does not exist: fresh1.ironoreprod.top.,22,25,0,3,0.0,0.0,0.0,0.0,0.0,0.0,0.0,3.0,1.0,0.0,0.0,0.0,0.0,0.0,0.0,0.0,0.0,0.0,0.0,0.01852,0.63158,0,1,1
http://fresh1.ironoreprod.top/_errorpages/xyoriginzx.exe,,147.0,124.0,218.0,366.0,Error: The DNS query name does not exist: fresh1.ironoreprod.top.,22,27,0,3,0.0,0.0,0.0,0.0,0.0,0.0,0.0,3.0,1.0,0.0,0.0,0.0,0.0,0.0,0.0,0.0,0.0,0.0,0.0,0.01786,0.63158,0,1,1
http://ftpvoyager.cc/ftp/index.php,,77.0,48.0,288.0,366.0,Error: The DNS operation timed out after 5.0071492195129395 seconds,13,14,0,2,0.0,0.0,0.0,0.0,0.0,0.0,0.0,2.0,0.0,0.0,0.0,0.0,0.0,0.0,0.0,0.0,0.0,0.0,0.0,0.0,0.75,0,1,1
http://ftsolutions.com.pk/v1220-55000.exe,LSN-DLLSTX-1,,,,,14400,18,16,0,6,0.0,0.0,0.0,0.0,0.0,0.0,0.0,3.0,0.0,1.0,0.0,0.0,0.0,0.0,0.0,0.0,0.0,0.0,0.0,0.21951,0.6875,0,1,1
http://furrytalesdogwalker.co.uk/et/,KRYSTAL,1363.0,176.0,98.0,1461.0,14400,25,4,0,5,0.0,0.0,0.0,0.0,0.0,0.0,0.0,2.0,0.0,0.0,0.0,0.0,0.0,0.0,0.0,0.0,0.0,0.0,0.0,0.0,0.65217,0,0,0
http://gaa7r.lavacelullares.pro,,,,,,Error: The DNS query name does not exist: gaa7r.lavacelullares.pro.,24,0,0,3,0.0,0.0,0.0,0.0,0.0,0.0,0.0,2.0,0.0,0.0,0.0,0.0,0.0,0.0,0.0,0.0,0.0,0.0,0.0,0.03226,0.57143,0,0,0
http://galandskiyher5.com/downloads/installer.exe,QWARTA-RU,248.0,103.0,117.0,366.0,600,18,24,0,3,0.0,0.0,0.0,0.0,0.0,0.0,0.0,2.0,0.0,0.0,0.0,0.0,0.0,0.0,0.0,0.0,0.0,0.0,0.0,0.02041,0.6875,0,1,1
http://galandskiyher5.com/downloads/toolspub1.exe,QWARTA-RU,248.0,103.0,117.0,366.0,600,18,24,0,3,0.0,0.0,0.0,0.0,0.0,0.0,0.0,2.0,0.0,0.0,0.0,0.0,0.0,0.0,0.0,0.0,0.0,0.0,0.0,0.04082,0.6875,0,1,1
http://galandskiyher5.com/downloads/toolspub2.exe,QWARTA-RU,248.0,103.0,117.0,366.0,600,18,24,0,3,0.0,0.0,0.0,0.0,0.0,0.0,0.0,2.0,0.0,0.0,0.0,0.0,0.0,0.0,0.0,0.0,0.0,0.0,0.0,0.04082,0.6875,0,1,1
http://global.edu.my/omoo/,MDRAS-MY,,,,,14400,13,6,0,6,0.0,0.0,0.0,0.0,0.0,0.0,0.0,2.0,0.0,0.0,0.0,0.0,0.0,0.0,0.0,0.0,0.0,0.0,0.0,0.0,0.63636,0,0,0
http://globocia.com.br/er/,HGBLOCK-10,4694.0,333.0,55.0,4749.0,14400,15,4,0,6,0.0,0.0,0.0,0.0,0.0,0.0,0.0,2.0,0.0,0.0,0.0,0.0,0.0,0.0,0.0,0.0,0.0,0.0,0.0,0.0,0.61538,0,0,0
http://gnettecnologia.com.br/san/,219378,2308.0,132.0,249.0,2557.0,14400,21,5,0,6,0.0,0.0,0.0,0.0,0.0,0.0,0.0,2.0,0.0,0.0,0.0,0.0,0.0,0.0,0.0,0.0,0.0,0.0,0.0,0.0,0.63158,0,0,0
http://gobo11fc.top/build.exe,,76.0,68.0,289.0,366.0,Error: The DNS query name does not exist: gobo11fc.top.,12,10,0,3,0.0,0.0,0.0,0.0,0.0,0.0,0.0,2.0,0.0,0.0,0.0,0.0,0.0,0.0,0.0,0.0,0.0,0.0,0.0,0.06897,0.66667,0,1,1
http://gobo13fc.top/build.exe,,74.0,66.0,291.0,366.0,Error: The DNS query name does not exist: gobo13fc.top.,12,10,0,3,0.0,0.0,0.0,0.0,0.0,0.0,0.0,2.0,0.0,0.0,0.0,0.0,0.0,0.0,0.0,0.0,0.0,0.0,0.0,0.06897,0.66667,0,1,1
http://gobo14fc.top/build.exe,,73.0,65.0,292.0,366.0,Error: The DNS query name does not exist: gobo14fc.top.,12,10,0,3,0.0,0.0,0.0,0.0,0.0,0.0,0.0,2.0,0.0,0.0,0.0,0.0,0.0,0.0,0.0,0.0,0.0,0.0,0.0,0.06897,0.66667,0,1,1
http://gons13fc.top/build.exe,,74.0,66.0,291.0,366.0,Error: The DNS query name does not exist: gons13fc.top.,12,10,0,3,0.0,0.0,0.0,0.0,0.0,0.0,0.0,2.0,0.0,0.0,0.0,0.0,0.0,0.0,0.0,0.0,0.0,0.0,0.0,0.06897,0.77778,0,1,1
http://gons14fc.top/build.exe,,,,,,Error: The DNS query name does not exist: gons14fc.top.,12,10,0,3,0.0,0.0,0.0,0.0,0.0,0.0,0.0,2.0,0.0,0.0,0.0,0.0,0.0,0.0,0.0,0.0,0.0,0.0,0.0,0.06897,0.77778,0,1,1
http://gons16c.top/build.exe,,,,,,Error: The DNS query name does not exist: gons16c.top.,11,10,0,3,0.0,0.0,0.0,0.0,0.0,0.0,0.0,2.0,0.0,0.0,0.0,0.0,0.0,0.0,0.0,0.0,0.0,0.0,0.0,0.07143,0.75,0,1,1
http://gons18cl.top/build.exe,,,,,,Error: The DNS query name does not exist: gons18cl.top.,12,10,0,3,0.0,0.0,0.0,0.0,0.0,0.0,0.0,2.0,0.0,0.0,0.0,0.0,0.0,0.0,0.0,0.0,0.0,0.0,0.0,0.06897,0.77778,0,1,1
http://gons19cl.top/build.exe,,,,,,Error: The DNS query name does not exist: gons19cl.top.,12,10,0,3,0.0,0.0,0.0,0.0,0.0,0.0,0.0,2.0,0.0,0.0,0.0,0.0,0.0,0.0,0.0,0.0,0.0,0.0,0.0,0.06897,0.77778,0,1,1
http://gons20cl.top/build.exe,,,,,,Error: The DNS query name does not exist: gons20cl.top.,12,10,0,3,0.0,0.0,0.0,0.0,0.0,0.0,0.0,2.0,0.0,0.0,0.0,0.0,0.0,0.0,0.0,0.0,0.0,0.0,0.0,0.06897,0.77778,0,1,1
http://gons22cl.top/build.exe,,,,,,Error: The DNS query name does not exist: gons22cl.top.,12,10,0,3,0.0,0.0,0.0,0.0,0.0,0.0,0.0,2.0,0.0,0.0,0.0,0.0,0.0,0.0,0.0,0.0,0.0,0.0,0.0,0.06897,0.77778,0,1,1
http://gons23cl.top/build.exe,,,,,,Error: The DNS query name does not exist: gons23cl.top.,12,10,0,3,0.0,0.0,0.0,0.0,0.0,0.0,0.0,2.0,0.0,0.0,0.0,0.0,0.0,0.0,0.0,0.0,0.0,0.0,0.0,0.06897,0.77778,0,1,1
http://gons24cl.top/build.exe,,,,,,Error: The DNS query name does not exist: gons24cl.top.,12,10,0,3,0.0,0.0,0.0,0.0,0.0,0.0,0.0,2.0,0.0,0.0,0.0,0.0,0.0,0.0,0.0,0.0,0.0,0.0,0.0,0.06897,0.77778,0,1,1
http://gons25cl.top/build.exe,,,,,,Error: The DNS query name does not exist: gons25cl.top.,12,10,0,3,0.0,0.0,0.0,0.0,0.0,0.0,0.0,2.0,0.0,0.0,0.0,0.0,0.0,0.0,0.0,0.0,0.0,0.0,0.0,0.06897,0.77778,0,1,1
http://gons28cl.top/build.exe,,,,,,Error: The DNS query name does not exist: gons28cl.top.,12,10,0,3,0.0,0.0,0.0,0.0,0.0,0.0,0.0,2.0,0.0,0.0,0.0,0.0,0.0,0.0,0.0,0.0,0.0,0.0,0.0,0.06897,0.77778,0,1,1
http://gons30cl.top/build.exe,,,,,,Error: The DNS query name does not exist: gons30cl.top.,12,10,0,3,0.0,0.0,0.0,0.0,0.0,0.0,0.0,2.0,0.0,0.0,0.0,0.0,0.0,0.0,0.0,0.0,0.0,0.0,0.0,0.06897,0.77778,0,1,1
http://gons32cl.top/build.exe,,,,,,Error: The DNS query name does not exist: gons32cl.top.,12,10,0,3,0.0,0.0,0.0,0.0,0.0,0.0,0.0,2.0,0.0,0.0,0.0,0.0,0.0,0.0,0.0,0.0,0.0,0.0,0.0,0.06897,0.77778,0,1,1
http://gons34cl.top/build.exe,,,,,,Error: The DNS query name does not exist: gons34cl.top.,12,10,0,3,0.0,0.0,0.0,0.0,0.0,0.0,0.0,2.0,0.0,0.0,0.0,0.0,0.0,0.0,0.0,0.0,0.0,0.0,0.0,0.06897,0.77778,0,1,1
http://gorgorcity.com/uo/,CLOUDFLARENET,109.0,-3.0,256.0,366.0,300,14,4,0,3,0.0,0.0,0.0,0.0,0.0,0.0,0.0,1.0,0.0,0.0,0.0,0.0,0.0,0.0,0.0,0.0,0.0,0.0,0.0,0.0,0.69231,0,0,0
http://grahamelderpainting.co.uk/usd/,KRYSTAL,1348.0,176.0,113.0,1461.0,668,25,5,0,5,0.0,0.0,0.0,0.0,0.0,0.0,0.0,2.0,0.0,0.0,0.0,0.0,0.0,0.0,0.0,0.0,0.0,0.0,0.0,0.0,0.6087,0,0,0
http://growrichs.com/muea/,NAMEC-4,213.0,210.0,152.0,366.0,14400,13,6,0,3,0.0,0.0,0.0,0.0,0.0,0.0,0.0,1.0,0.0,0.0,0.0,0.0,0.0,0.0,0.0,0.0,0.0,0.0,0.0,0.0,0.75,0,0,0
http://grupomotobel.com.br/mti/,UNIFIEDLAYER-NETWORK-16,104.0,91.0,627.0,731.0,14400,19,5,0,6,0.0,0.0,0.0,0.0,0.0,0.0,0.0,2.0,0.0,0.0,0.0,0.0,0.0,0.0,0.0,0.0,0.0,0.0,0.0,0.0,0.64706,0,0,0
http://gsdfe.cc/C6WeKU,PEG-SV-JAK-03,49.0,49.0,316.0,366.0,600,8,7,0,2,0.0,0.0,0.0,0.0,0.0,0.0,0.0,1.0,0.0,0.0,0.0,0.0,0.0,0.0,0.0,0.0,0.0,0.0,0.18182,0.04545,0.85714,0,0,0
http://gsggaoo.top/a9d06ea3fe859ab7/freebl3.dll,RU-RUVDS-20190301,,,,,600,11,29,0,3,0.0,0.0,0.0,0.0,0.0,0.0,0.0,2.0,0.0,0.0,0.0,0.0,0.0,0.0,0.0,0.0,0.0,0.0,0.0,0.19149,0.6,0,1,1
http://gsggaoo.top/a9d06ea3fe859ab7/mozglue.dll,RU-RUVDS-20190301,,,,,600,11,29,0,3,0.0,0.0,0.0,0.0,0.0,0.0,0.0,2.0,0.0,0.0,0.0,0.0,0.0,0.0,0.0,0.0,0.0,0.0,0.0,0.17021,0.6,0,1,1
http://gsggaoo.top/a9d06ea3fe859ab7/msvcp140.dll,RU-RUVDS-20190301,,,,,600,11,30,0,3,0.0,0.0,0.0,0.0,0.0,0.0,0.0,2.0,0.0,0.0,0.0,0.0,0.0,0.0,0.0,0.0,0.0,0.0,0.0,0.22917,0.6,0,1,1
http://gsggaoo.top/a9d06ea3fe859ab7/nss3.dll,RU-RUVDS-20190301,,,,,600,11,26,0,3,0.0,0.0,0.0,0.0,0.0,0.0,0.0,2.0,0.0,0.0,0.0,0.0,0.0,0.0,0.0,0.0,0.0,0.0,0.0,0.20455,0.6,0,1,1
http://gsggaoo.top/a9d06ea3fe859ab7/softokn3.dll,RU-RUVDS-20190301,,,,,600,11,30,0,3,0.0,0.0,0.0,0.0,0.0,0.0,0.0,2.0,0.0,0.0,0.0,0.0,0.0,0.0,0.0,0.0,0.0,0.0,0.0,0.1875,0.6,0,1,1
http://gsggaoo.top/a9d06ea3fe859ab7/sqlite3.dll,RU-RUVDS-20190301,,,,,599,11,29,0,3,0.0,0.0,0.0,0.0,0.0,0.0,0.0,2.0,0.0,0.0,0.0,0.0,0.0,0.0,0.0,0.0,0.0,0.0,0.0,0.19149,0.6,0,1,1
http://gsggaoo.top/a9d06ea3fe859ab7/vcruntime140.dll,RU-RUVDS-20190301,,,,,600,11,34,0,3,0.0,0.0,0.0,0.0,0.0,0.0,0.0,2.0,0.0,0.0,0.0,0.0,0.0,0.0,0.0,0.0,0.0,0.0,0.0,0.21154,0.6,0,1,1
http://gybin6gz.beget.tech/danikdebild22b/4ebe5aa64bdd9766af116539a38c5f2d6cf1461f.bin,,2702.0,144.0,219.0,2922.0,Error: The DNS query name does not exist: gybin6gz.beget.tech.,19,60,0,4,0.0,0.0,0.0,0.0,0.0,0.0,0.0,3.0,0.0,0.0,0.0,0.0,0.0,0.0,0.0,0.0,0.0,0.0,0.0,0.30233,0.75,0,1,1
http://gybin6gz.beget.tech/Lovec/Lovec.exe,,2702.0,144.0,219.0,2922.0,Error: The DNS query name does not exist: gybin6gz.beget.tech.,19,16,0,4,0.0,0.0,0.0,0.0,0.0,0.0,0.0,3.0,0.0,0.0,0.0,0.0,0.0,0.0,0.0,0.0,0.0,0.0,0.04762,0.02381,0.75,0,1,1
http://h171459.srv22.test-hf.su/214.exe,Eximius-net,3379.0,,273.0,3653.0,3600,24,8,0,2,0.0,0.0,0.0,0.0,0.0,0.0,0.0,4.0,0.0,1.0,0.0,0.0,0.0,0.0,0.0,0.0,0.0,0.0,0.0,0.28205,0.83333,0,1,1
http://h171459.srv22.test-hf.su/217.exe,Eximius-net,3379.0,,273.0,3653.0,3600,24,8,0,2,0.0,0.0,0.0,0.0,0.0,0.0,0.0,4.0,0.0,1.0,0.0,0.0,0.0,0.0,0.0,0.0,0.0,0.0,0.0,0.28205,0.83333,0,1,1
http://h171626.srv22.test-hf.su/220.exe,Eximius-net,3379.0,,273.0,3653.0,2584,24,8,0,2,0.0,0.0,0.0,0.0,0.0,0.0,0.0,4.0,0.0,1.0,0.0,0.0,0.0,0.0,0.0,0.0,0.0,0.0,0.0,0.28205,0.83333,0,1,1
http://h171626.srv22.test-hf.su/222.exe,Eximius-net,3379.0,,273.0,3653.0,2584,24,8,0,2,0.0,0.0,0.0,0.0,0.0,0.0,0.0,4.0,0.0,1.0,0.0,0.0,0.0,0.0,0.0,0.0,0.0,0.0,0.0,0.28205,0.83333,0,1,1
http://h171702.srv22.test-hf.su/225.exe,Eximius-net,3379.0,,273.0,3653.0,2571,24,8,0,2,0.0,0.0,0.0,0.0,0.0,0.0,0.0,4.0,0.0,1.0,0.0,0.0,0.0,0.0,0.0,0.0,0.0,0.0,0.0,0.28205,0.83333,0,1,1
http://h171706.srv22.test-hf.su/225.exe,Eximius-net,3379.0,,273.0,3653.0,3598,24,8,0,2,0.0,0.0,0.0,0.0,0.0,0.0,0.0,4.0,0.0,1.0,0.0,0.0,0.0,0.0,0.0,0.0,0.0,0.0,0.0,0.28205,0.83333,0,1,1
http://h171713.srv22.test-hf.su/227.exe,Eximius-net,3379.0,,273.0,3653.0,2570,24,8,0,2,0.0,0.0,0.0,0.0,0.0,0.0,0.0,4.0,0.0,1.0,0.0,0.0,0.0,0.0,0.0,0.0,0.0,0.0,0.0,0.28205,0.83333,0,1,1
http://h171736.srv22.test-hf.su/230.exe,Eximius-net,3379.0,,273.0,3653.0,2583,24,8,0,2,0.0,0.0,0.0,0.0,0.0,0.0,0.0,4.0,0.0,1.0,0.0,0.0,0.0,0.0,0.0,0.0,0.0,0.0,0.0,0.28205,0.83333,0,1,1
http://h171741.srv22.test-hf.su/232.exe,Eximius-net,3379.0,,273.0,3653.0,3600,24,8,0,2,0.0,0.0,0.0,0.0,0.0,0.0,0.0,4.0,0.0,1.0,0.0,0.0,0.0,0.0,0.0,0.0,0.0,0.0,0.0,0.28205,0.83333,0,1,1
http://h171764.srv22.test-hf.su/234.exe,Eximius-net,3379.0,,273.0,3653.0,3597,24,8,0,2,0.0,0.0,0.0,0.0,0.0,0.0,0.0,4.0,0.0,1.0,0.0,0.0,0.0,0.0,0.0,0.0,0.0,0.0,0.0,0.28205,0.83333,0,1,1
http://haidertour.com/lnqu/,COLOCONE1-BD,1749.0,257.0,77.0,1827.0,14400,14,6,0,3,0.0,0.0,0.0,0.0,0.0,0.0,0.0,1.0,0.0,0.0,0.0,0.0,0.0,0.0,0.0,0.0,0.0,0.0,0.0,0.0,0.53846,0,0,0
http://hamrahansystem.com/etex/,HOSTIRAN-NET,5891.0,1932.0,1048.0,6940.0,14400,18,6,0,3,0.0,0.0,0.0,0.0,0.0,0.0,0.0,1.0,0.0,0.0,0.0,0.0,0.0,0.0,0.0,0.0,0.0,0.0,0.0,0.0,0.70588,0,0,0
http://haps.co.mz/GGZmgyMzjgzmiSG107.bin,LIQUIDNET-HOSTING,,,,,14400,10,23,0,5,0.0,0.0,0.0,0.0,0.0,0.0,0.0,3.0,0.0,0.0,0.0,0.0,0.0,0.0,0.0,0.0,0.0,0.0,0.15,0.075,0.75,0,1,1
http://haps.co.mz/xQNQcEcuop181.bin,LIQUIDNET-HOSTING,,,,,14400,10,18,0,5,0.0,0.0,0.0,0.0,0.0,0.0,0.0,3.0,0.0,0.0,0.0,0.0,0.0,0.0,0.0,0.0,0.0,0.0,0.11429,0.08571,0.75,0,1,1
http://harshaauto.co.in/ia/,GDY-US-EAST,3092.0,518.0,1290.0,4383.0,600,16,4,0,5,0.0,0.0,0.0,0.0,0.0,0.0,0.0,2.0,0.0,0.0,0.0,0.0,0.0,0.0,0.0,0.0,0.0,0.0,0.0,0.0,0.5,0,0,0
http://hassanacademy.edu.pk/cre/,IMH-23-235-192,,,,,900,20,5,0,6,0.0,0.0,0.0,0.0,0.0,0.0,0.0,2.0,0.0,0.0,0.0,0.0,0.0,0.0,0.0,0.0,0.0,0.0,0.0,0.0,0.61111,0,0,0
http://hblmbtbm.beget.tech/525403/setup.exe,,2702.0,144.0,219.0,2922.0,Error: The DNS query name does not exist: hblmbtbm.beget.tech.,19,17,0,4,0.0,0.0,0.0,0.0,0.0,0.0,0.0,3.0,0.0,0.0,0.0,0.0,0.0,0.0,0.0,0.0,0.0,0.0,0.0,0.13953,0.82353,0,1,1
http://hcresto.com/drl/,LWS-NET5,317.0,179.0,48.0,366.0,14400,11,5,0,3,0.0,0.0,0.0,0.0,0.0,0.0,0.0,1.0,0.0,0.0,0.0,0.0,0.0,0.0,0.0,0.0,0.0,0.0,0.0,0.0,0.7,0,0,0
http://heyleny2.dothome.co.kr/attivita/index.php,KORNET-KR,7263.0,512.0,772.0,8035.0,3600,22,19,0,5,0.0,0.0,0.0,0.0,0.0,0.0,0.0,4.0,0.0,0.0,0.0,0.0,0.0,0.0,0.0,0.0,0.0,0.0,0.0,0.02083,0.66667,0,1,1
http://hitsturbo.com/order/tuc2.exe,,45.0,5.0,320.0,366.0,Error: The DNS query name does not exist: hitsturbo.com.,13,15,0,3,0.0,0.0,0.0,0.0,0.0,0.0,0.0,2.0,0.0,0.0,0.0,0.0,0.0,0.0,0.0,0.0,0.0,0.0,0.0,0.02857,0.66667,0,1,1
http://hitsturbo.com/order/tuc3.exe,,45.0,5.0,320.0,366.0,Error: The DNS query name does not exist: hitsturbo.com.,13,15,0,3,0.0,0.0,0.0,0.0,0.0,0.0,0.0,2.0,0.0,0.0,0.0,0.0,0.0,0.0,0.0,0.0,0.0,0.0,0.0,0.02857,0.66667,0,1,1
http://hitsturbo.com/order/tuc4.exe,,45.0,5.0,320.0,366.0,Error: The DNS query name does not exist: hitsturbo.com.,13,15,0,3,0.0,0.0,0.0,0.0,0.0,0.0,0.0,2.0,0.0,0.0,0.0,0.0,0.0,0.0,0.0,0.0,0.0,0.0,0.0,0.02857,0.66667,0,1,1
http://hitsturbo.com/order/tuc5.exe,,45.0,5.0,320.0,366.0,Error: The DNS query name does not exist: hitsturbo.com.,13,15,0,3,0.0,0.0,0.0,0.0,0.0,0.0,0.0,2.0,0.0,0.0,0.0,0.0,0.0,0.0,0.0,0.0,0.0,0.0,0.0,0.02857,0.66667,0,1,1
http://hitsturbo.com/order/tuc6.exe,,45.0,5.0,320.0,366.0,Error: The DNS query name does not exist: hitsturbo.com.,13,15,0,3,0.0,0.0,0.0,0.0,0.0,0.0,0.0,2.0,0.0,0.0,0.0,0.0,0.0,0.0,0.0,0.0,0.0,0.0,0.0,0.02857,0.66667,0,1,1
http://hitsturbo.com/order/tuc7.exe,,45.0,5.0,320.0,366.0,Error: The DNS query name does not exist: hitsturbo.com.,13,15,0,3,0.0,0.0,0.0,0.0,0.0,0.0,0.0,2.0,0.0,0.0,0.0,0.0,0.0,0.0,0.0,0.0,0.0,0.0,0.0,0.02857,0.66667,0,1,1
http://hjiaur.bluboldlikeuscelullares.motorcycles,,,,,,Error: The DNS query name does not exist: hjiaur.bluboldlikeuscelullares.motorcycles.,42,0,0,11,0.0,0.0,0.0,0.0,0.0,0.0,0.0,2.0,0.0,0.0,0.0,0.0,0.0,0.0,0.0,0.0,0.0,0.0,0.0,0.0,0.625,0,0,0
http://hopelnew24.blogspot.com//////////////////////atom.xml,GOOGLE,,,,,236,23,30,0,3,0.0,0.0,0.0,0.0,0.0,0.0,0.0,3.0,0.0,0.0,0.0,0.0,0.0,0.0,0.0,0.0,0.0,0.0,0.0,0.03333,0.68421,0,1,1
http://hotelofficeewn.blogspot.com////////////////////////////////////atom.xml,GOOGLE,,,,,162,27,44,0,3,0.0,0.0,0.0,0.0,0.0,0.0,0.0,3.0,0.0,0.0,0.0,0.0,0.0,0.0,0.0,0.0,0.0,0.0,0.0,0.0,0.64,0,1,1
http://hotweazel.com/attivita/index.php,SECTORLINK,8475.0,360.0,1774.0,10249.0,1800,13,19,0,3,0.0,0.0,0.0,0.0,0.0,0.0,0.0,2.0,0.0,0.0,0.0,0.0,0.0,0.0,0.0,0.0,0.0,0.0,0.0,0.0,0.58333,0,1,1
http://howtomake.live/stt/,NAMEC-4,,,,,1200,14,5,0,4,0.0,0.0,0.0,0.0,0.0,0.0,0.0,1.0,0.0,0.0,0.0,0.0,0.0,0.0,0.0,0.0,0.0,0.0,0.0,0.0,0.53846,0,0,0
http://htlfeb24.blogspot.com/////////////////////////////atom.xml,GOOGLE,,,,,94,21,37,0,3,0.0,0.0,0.0,0.0,0.0,0.0,0.0,3.0,0.0,0.0,0.0,0.0,0.0,0.0,0.0,0.0,0.0,0.0,0.0,0.03077,0.76471,0,1,1
http://htloctmain25.blogspot.com/////////////////////////atom.xml,GOOGLE,,,,,94,25,33,0,3,0.0,0.0,0.0,0.0,0.0,0.0,0.0,3.0,0.0,0.0,0.0,0.0,0.0,0.0,0.0,0.0,0.0,0.0,0.0,0.03077,0.71429,0,1,1
http://icphs.edu.pk/slp/,LINODE,,,,,14400,12,5,0,6,0.0,0.0,0.0,0.0,0.0,0.0,0.0,2.0,0.0,0.0,0.0,0.0,0.0,0.0,0.0,0.0,0.0,0.0,0.0,0.0,0.7,0,0,0
http://ieshmechmaa.site/sahamedalat.apk,,,,,,Error: The DNS query name does not exist: ieshmechmaa.site.,16,16,0,4,0.0,0.0,0.0,0.0,0.0,0.0,0.0,2.0,0.0,0.0,0.0,0.0,0.0,0.0,0.0,0.0,0.0,0.0,0.0,0.0,0.53333,0,0,0
http://ijcsmohali.in/nsei/,GO-DADDY-COM-LLC,804.0,341.0,2847.0,3652.0,10800,13,6,0,2,0.0,0.0,0.0,0.0,0.0,0.0,0.0,1.0,0.0,0.0,0.0,0.0,0.0,0.0,0.0,0.0,0.0,0.0,0.0,0.0,0.58333,0,0,0
http://indmed.in/taqt/,GODADDY-NET,108.0,103.0,622.0,731.0,600,9,6,0,2,0.0,0.0,0.0,0.0,0.0,0.0,0.0,1.0,0.0,0.0,0.0,0.0,0.0,0.0,0.0,0.0,0.0,0.0,0.0,0.0,0.625,0,0,0
http://industrialoutlook.in/sg/,WebsiteDNSPool2,1541.0,7.0,650.0,2192.0,14400,20,4,0,2,0.0,0.0,0.0,0.0,0.0,0.0,0.0,1.0,0.0,0.0,0.0,0.0,0.0,0.0,0.0,0.0,0.0,0.0,0.0,0.0,0.52632,0,0,0
http://infaccocr.com/eoru/,DIMENOC-NETWORK,1943.0,119.0,248.0,2192.0,14400,13,6,0,3,0.0,0.0,0.0,0.0,0.0,0.0,0.0,1.0,0.0,0.0,0.0,0.0,0.0,0.0,0.0,0.0,0.0,0.0,0.0,0.0,0.66667,0,0,0
http://infaccocr.com/nbsi/,DIMENOC-NETWORK,1943.0,119.0,248.0,2192.0,14400,13,6,0,3,0.0,0.0,0.0,0.0,0.0,0.0,0.0,1.0,0.0,0.0,0.0,0.0,0.0,0.0,0.0,0.0,0.0,0.0,0.0,0.0,0.66667,0,0,0
http://infectedchink.cat:38241/2/,,437.0,16.0,293.0,731.0,Error: The DNS operation timed out after 5.001913547515869 seconds,17,3,0,3,0.0,0.0,0.0,0.0,0.0,0.0,0.0,1.0,0.0,0.0,0.0,0.0,0.0,0.0,0.0,0.0,0.0,0.0,0.0,0.18182,0.6875,0,0,0
http://inksul.com.br/qi/,NET-69-46-0-0-19,8456.0,427.0,310.0,8766.0,14400,13,4,0,6,0.0,0.0,0.0,0.0,0.0,0.0,0.0,2.0,0.0,0.0,0.0,0.0,0.0,0.0,0.0,0.0,0.0,0.0,0.0,0.0,0.72727,0,0,0
http://insposuma.org.br/rs/,CLOUDFLARENET,1000.0,-7.0,826.0,1826.0,300,16,4,0,6,0.0,0.0,0.0,0.0,0.0,0.0,0.0,2.0,0.0,0.0,0.0,0.0,0.0,0.0,0.0,0.0,0.0,0.0,0.0,0.0,0.64286,0,0,0
http://interpol.edu.pl/fuez/dlz.armv4tl,,,,,,86400,15,17,0,6,0.0,0.0,0.0,0.0,0.0,0.0,0.0,3.0,0.0,0.0,0.0,0.0,0.0,0.0,0.0,0.0,0.0,0.0,0.0,0.02564,0.61538,0,0,0
http://interpol.edu.pl/fuez/dlz.mips,,,,,,86400,15,14,0,6,0.0,0.0,0.0,0.0,0.0,0.0,0.0,3.0,0.0,0.0,0.0,0.0,0.0,0.0,0.0,0.0,0.0,0.0,0.0,0.0,0.61538,0,0,0
http://interpol.edu.pl/fuez/dlz.mipsel,,,,,,86400,15,16,0,6,0.0,0.0,0.0,0.0,0.0,0.0,0.0,3.0,0.0,0.0,0.0,0.0,0.0,0.0,0.0,0.0,0.0,0.0,0.0,0.0,0.61538,0,0,0
http://interpol.edu.pl/rtk.sh,,,,,,86400,15,7,0,6,0.0,0.0,0.0,0.0,0.0,0.0,0.0,3.0,0.0,0.0,0.0,0.0,0.0,0.0,0.0,0.0,0.0,0.0,0.0,0.0,0.61538,0,1,1
http://interpol.edu.pl/siffredi/dlz.arm5,,,,,,86400,15,18,0,6,0.0,0.0,0.0,0.0,0.0,0.0,0.0,3.0,0.0,0.0,0.0,0.0,0.0,0.0,0.0,0.0,0.0,0.0,0.0,0.025,0.61538,0,0,0
http://interpol.edu.pl/tn.sh,,,,,,86400,15,6,0,6,0.0,0.0,0.0,0.0,0.0,0.0,0.0,3.0,0.0,0.0,0.0,0.0,0.0,0.0,0.0,0.0,0.0,0.0,0.0,0.0,0.61538,0,1,1
http://interpol.edu.pl/tp/dlz.arm4,,,,,,86400,15,12,0,6,0.0,0.0,0.0,0.0,0.0,0.0,0.0,3.0,0.0,0.0,0.0,0.0,0.0,0.0,0.0,0.0,0.0,0.0,0.0,0.02941,0.61538,0,0,0
http://interpol.edu.pl/tp/dlz.arm5,,,,,,86400,15,12,0,6,0.0,0.0,0.0,0.0,0.0,0.0,0.0,3.0,0.0,0.0,0.0,0.0,0.0,0.0,0.0,0.0,0.0,0.0,0.0,0.02941,0.61538,0,0,0
http://interpol.edu.pl/tp/dlz.arm6,,,,,,86400,15,12,0,6,0.0,0.0,0.0,0.0,0.0,0.0,0.0,3.0,0.0,0.0,0.0,0.0,0.0,0.0,0.0,0.0,0.0,0.0,0.0,0.02941,0.61538,0,0,0
http://interpol.edu.pl/tp/dlz.arm7,,,,,,86400,15,12,0,6,0.0,0.0,0.0,0.0,0.0,0.0,0.0,3.0,0.0,0.0,0.0,0.0,0.0,0.0,0.0,0.0,0.0,0.0,0.0,0.02941,0.61538,0,0,0
http://interpol.edu.pl/tp/dlz.armv4eb,,,,,,86400,15,15,0,6,0.0,0.0,0.0,0.0,0.0,0.0,0.0,3.0,0.0,0.0,0.0,0.0,0.0,0.0,0.0,0.0,0.0,0.0,0.0,0.02703,0.61538,0,0,0
http://interpol.edu.pl/tp/dlz.mips,,,,,,86400,15,12,0,6,0.0,0.0,0.0,0.0,0.0,0.0,0.0,3.0,0.0,0.0,0.0,0.0,0.0,0.0,0.0,0.0,0.0,0.0,0.0,0.0,0.61538,0,0,0
http://interpol.edu.pl/tp/dlz.mipsel,,,,,,86400,15,14,0,6,0.0,0.0,0.0,0.0,0.0,0.0,0.0,3.0,0.0,0.0,0.0,0.0,0.0,0.0,0.0,0.0,0.0,0.0,0.0,0.0,0.61538,0,0,0
http://interpol.edu.pl/xplt/star.sh,,,,,,86400,15,13,0,6,0.0,0.0,0.0,0.0,0.0,0.0,0.0,3.0,0.0,0.0,0.0,0.0,0.0,0.0,0.0,0.0,0.0,0.0,0.0,0.0,0.61538,0,1,1
http://investeudro.info/crown/crpacoh.exe,,186.0,39.0,179.0,366.0,Error: The DNS query name does not exist: investeudro.info.,16,18,0,4,0.0,0.0,0.0,0.0,0.0,0.0,0.0,2.0,0.0,0.0,0.0,0.0,0.0,0.0,0.0,0.0,0.0,0.0,0.0,0.0,0.53333,0,1,1
http://investeudro.info/kojo/kjokl.exe,,186.0,39.0,179.0,366.0,Error: The DNS query name does not exist: investeudro.info.,16,15,0,4,0.0,0.0,0.0,0.0,0.0,0.0,0.0,2.0,0.0,0.0,0.0,0.0,0.0,0.0,0.0,0.0,0.0,0.0,0.0,0.0,0.53333,0,1,1
http://ioiouoiuououiyjgroup.sbs/setup294.exe,,,,,,Error: The DNS query name does not exist: ioiouoiuououiyjgroup.sbs.,24,13,0,3,0.0,0.0,0.0,0.0,0.0,0.0,0.0,2.0,0.0,0.0,0.0,0.0,0.0,0.0,0.0,0.0,0.0,0.0,0.0,0.06818,0.34783,0,1,1
http://ir.xevcsau.wiki/Maeishati/app.apk,,66.0,61.0,299.0,366.0,Error: All nameservers failed to answer the query ir.xevcsau.wiki. IN A: Server 168.126.63.1 UDP port 53 answered SERVFAIL; Server 168.126.63.2 UDP port 53 answered SERVFAIL,15,18,0,4,0.0,0.0,0.0,0.0,0.0,0.0,0.0,3.0,0.0,0.0,0.0,0.0,0.0,0.0,0.0,0.0,0.0,0.0,0.025,0.0,0.53846,0,0,0
http://ircftp.net/avatar.jpg,CYPE-MY,4981.0,230.0,132.0,5114.0,14400,10,11,0,3,0.0,0.0,0.0,0.0,0.0,0.0,0.0,2.0,0.0,0.0,0.0,0.0,0.0,0.0,0.0,0.0,0.0,0.0,0.0,0.0,0.77778,0,1,1
http://iskillsjr.com/qam/,AMAZON-BOM,1179.0,110.0,281.0,1461.0,14400,13,5,0,3,0.0,0.0,0.0,0.0,0.0,0.0,0.0,1.0,0.0,0.0,0.0,0.0,0.0,0.0,0.0,0.0,0.0,0.0,0.0,0.0,0.75,0,0,0
http://iwitechnologies.com/veis/,NCNET-6,566.0,197.0,164.0,731.0,1200,19,6,0,3,0.0,0.0,0.0,0.0,0.0,0.0,0.0,1.0,0.0,0.0,0.0,0.0,0.0,0.0,0.0,0.0,0.0,0.0,0.0,0.0,0.55556,0,0,0
http://jamaicaplumbingsupplies.com/ud/,HGBLOCK-4,2433.0,257.0,123.0,2557.0,14400,27,4,0,3,0.0,0.0,0.0,0.0,0.0,0.0,0.0,1.0,0.0,0.0,0.0,0.0,0.0,0.0,0.0,0.0,0.0,0.0,0.0,0.0,0.61538,0,0,0
http://jamesshullcustomstairs.com/centro/index.php,LIQUIDWEB,3408.0,284.0,244.0,3653.0,300,26,17,0,3,0.0,0.0,0.0,0.0,0.0,0.0,0.0,2.0,0.0,0.0,0.0,0.0,0.0,0.0,0.0,0.0,0.0,0.0,0.0,0.0,0.68,0,1,1
http://jandjtowingliverpool.com.au/esoe/,GO-DADDY-COM-LLC,,,,,10800,27,6,0,6,0.0,0.0,0.0,0.0,0.0,0.0,0.0,2.0,0.0,0.0,0.0,0.0,0.0,0.0,0.0,0.0,0.0,0.0,0.0,0.0,0.6,0,0,0
http://jandjtowingliverpool.com.au/li/,GO-DADDY-COM-LLC,,,,,10800,27,4,0,6,0.0,0.0,0.0,0.0,0.0,0.0,0.0,2.0,0.0,0.0,0.0,0.0,0.0,0.0,0.0,0.0,0.0,0.0,0.0,0.0,0.6,0,0,0
http://jatoo-ci.com/re/,LWS-NET5,1464.0,6.0,362.0,1827.0,14400,12,4,0,3,0.0,0.0,0.0,0.0,0.0,0.0,0.0,1.0,0.0,1.0,0.0,0.0,0.0,0.0,0.0,0.0,0.0,0.0,0.0,0.0,0.5,0,0,0
http://jdgranite.us/meb/,NAMEC-4,1313.0,243.0,147.0,1461.0,14400,12,5,0,2,0.0,0.0,0.0,0.0,0.0,0.0,0.0,1.0,0.0,0.0,0.0,0.0,0.0,0.0,0.0,0.0,0.0,0.0,0.0,0.0,0.63636,0,0,0
http://jenningscustomhomes.com/st/,UNIFIEDLAYER-NETWORK-9,3960.0,255.0,57.0,4018.0,14400,23,4,0,3,0.0,0.0,0.0,0.0,0.0,0.0,0.0,1.0,0.0,0.0,0.0,0.0,0.0,0.0,0.0,0.0,0.0,0.0,0.0,0.0,0.68182,0,0,0
http://jgiasw.ulefonecelullares.motorcycles,,,,,,Error: The DNS query name does not exist: jgiasw.ulefonecelullares.motorcycles.,36,0,0,11,0.0,0.0,0.0,0.0,0.0,0.0,0.0,2.0,0.0,0.0,0.0,0.0,0.0,0.0,0.0,0.0,0.0,0.0,0.0,0.0,0.61765,0,0,0
http://jornalnovaepoca.com.br/centro/,HGBLOCK-10,3553.0,252.0,100.0,3653.0,14400,22,8,0,6,0.0,0.0,0.0,0.0,0.0,0.0,0.0,2.0,0.0,0.0,0.0,0.0,0.0,0.0,0.0,0.0,0.0,0.0,0.0,0.0,0.6,0,0,0
http://jornalnovaepoca.com.br/centro/index.php,HGBLOCK-10,3553.0,252.0,100.0,3653.0,14400,22,17,0,6,0.0,0.0,0.0,0.0,0.0,0.0,0.0,3.0,0.0,0.0,0.0,0.0,0.0,0.0,0.0,0.0,0.0,0.0,0.0,0.0,0.6,0,1,1
http://jumabar.co.uk/etra/,HGBLOCK-9,4885.0,136.0,229.0,5114.0,14400,13,6,0,5,0.0,0.0,0.0,0.0,0.0,0.0,0.0,2.0,0.0,0.0,0.0,0.0,0.0,0.0,0.0,0.0,0.0,0.0,0.0,0.0,0.54545,0,0,0
http://kahafoods.com/onoa/,NAMEC-4,451.0,88.0,279.0,731.0,14400,13,6,0,3,0.0,0.0,0.0,0.0,0.0,0.0,0.0,1.0,0.0,0.0,0.0,0.0,0.0,0.0,0.0,0.0,0.0,0.0,0.0,0.0,0.58333,0,0,0
http://kalaiyatv.com/ipu/,CLOUDFLARENET,108.0,40.0,257.0,366.0,300,13,5,0,3,0.0,0.0,0.0,0.0,0.0,0.0,0.0,1.0,0.0,0.0,0.0,0.0,0.0,0.0,0.0,0.0,0.0,0.0,0.0,0.0,0.58333,0,0,0
http://kapinga.co.tz/esu/,HGBLOCK-10,,,,,13446,13,5,0,5,0.0,0.0,0.0,0.0,0.0,0.0,0.0,2.0,0.0,0.0,0.0,0.0,0.0,0.0,0.0,0.0,0.0,0.0,0.0,0.0,0.63636,0,0,0
http://keodiengineeringltd.co.ke/im/,SD-BHS-BHS7-B714B-MAGGIE-INFRA-002,,,,,13450,25,4,0,5,0.0,0.0,0.0,0.0,0.0,0.0,0.0,2.0,0.0,0.0,0.0,0.0,0.0,0.0,0.0,0.0,0.0,0.0,0.0,0.0,0.56522,0,0,0
http://kghealthtech.com/teas/,UK-WHGI-20030620,631.0,231.0,99.0,731.0,300,16,6,0,3,0.0,0.0,0.0,0.0,0.0,0.0,0.0,1.0,0.0,0.0,0.0,0.0,0.0,0.0,0.0,0.0,0.0,0.0,0.0,0.0,0.73333,0,0,0
http://khaithaclothien.edu.vn/iis/,NHANHOA-VN,,,,,300,22,5,0,6,0.0,0.0,0.0,0.0,0.0,0.0,0.0,2.0,0.0,0.0,0.0,0.0,0.0,0.0,0.0,0.0,0.0,0.0,0.0,0.0,0.6,0,0,0
http://khiew.elephonecelullares.pro,,,,,,Error: The DNS query name does not exist: khiew.elephonecelullares.pro.,28,0,0,3,0.0,0.0,0.0,0.0,0.0,0.0,0.0,2.0,0.0,0.0,0.0,0.0,0.0,0.0,0.0,0.0,0.0,0.0,0.0,0.0,0.57692,0,0,0
http://kmcpokhara.edu.np/leih/,CLOUDFLARENET,,,,,300,17,6,0,6,0.0,0.0,0.0,0.0,0.0,0.0,0.0,2.0,0.0,0.0,0.0,0.0,0.0,0.0,0.0,0.0,0.0,0.0,0.0,0.0,0.66667,0,0,0
http://kolibrinijare.com/eynFfT176.bin,UA-VSYS,85.0,85.0,280.0,366.0,3600,17,14,0,3,0.0,0.0,0.0,0.0,0.0,0.0,0.0,2.0,0.0,0.0,0.0,0.0,0.0,0.0,0.0,0.0,0.0,0.0,0.05263,0.07895,0.5625,0,1,1
http://kreedcssg3.temp.swtest.ru/devenvhost.exe,SpaceWeb,3692.0,,325.0,4018.0,600,25,15,0,2,0.0,0.0,0.0,0.0,0.0,0.0,0.0,4.0,0.0,0.0,0.0,0.0,0.0,0.0,0.0,0.0,0.0,0.0,0.0,0.02128,0.7619,0,1,1
http://kreedcssg3.temp.swtest.ru/vsc.exe,SpaceWeb,3692.0,,325.0,4018.0,600,25,8,0,2,0.0,0.0,0.0,0.0,0.0,0.0,0.0,4.0,0.0,0.0,0.0,0.0,0.0,0.0,0.0,0.0,0.0,0.0,0.0,0.025,0.7619,0,1,1
http://legendhero.persiangig.com/shell/def.txt,OVH_270559309,7068.0,128.0,236.0,7305.0,1800,25,14,0,3,0.0,0.0,0.0,0.0,0.0,0.0,0.0,3.0,0.0,0.0,0.0,0.0,0.0,0.0,0.0,0.0,0.0,0.0,0.0,0.0,0.6087,0,1,1
http://levantateelshow.com/anm/,SCN-3,5687.0,49.0,156.0,5844.0,14400,19,5,0,3,0.0,0.0,0.0,0.0,0.0,0.0,0.0,1.0,0.0,0.0,0.0,0.0,0.0,0.0,0.0,0.0,0.0,0.0,0.0,0.0,0.61111,0,0,0
http://levantateelshow.com/vse/,SCN-3,5687.0,49.0,156.0,5844.0,14400,19,5,0,3,0.0,0.0,0.0,0.0,0.0,0.0,0.0,1.0,0.0,0.0,0.0,0.0,0.0,0.0,0.0,0.0,0.0,0.0,0.0,0.0,0.61111,0,0,0
http://linksumuthokirtp.info/ep/,NAMEC-4,200.0,195.0,165.0,366.0,14400,21,4,0,4,0.0,0.0,0.0,0.0,0.0,0.0,0.0,1.0,0.0,0.0,0.0,0.0,0.0,0.0,0.0,0.0,0.0,0.0,0.0,0.0,0.65,0,0,0
http://live.com.gt/codice/Cliente.zip,GOOGLE-CLOUD,,,,,86400,11,19,0,6,0.0,0.0,0.0,0.0,0.0,0.0,0.0,3.0,0.0,0.0,0.0,0.0,0.0,0.0,0.0,0.0,0.0,0.0,0.02703,0.0,0.66667,0,1,1
http://live.com.gt/unito/Azienda.zip,GOOGLE-CLOUD,,,,,86400,11,18,0,6,0.0,0.0,0.0,0.0,0.0,0.0,0.0,3.0,0.0,0.0,0.0,0.0,0.0,0.0,0.0,0.0,0.0,0.0,0.02778,0.0,0.66667,0,1,1
http://livework.in/eqis/,DE-VELIANET1-20071017,2422.0,235.0,134.0,2557.0,14400,11,6,0,2,0.0,0.0,0.0,0.0,0.0,0.0,0.0,1.0,0.0,0.0,0.0,0.0,0.0,0.0,0.0,0.0,0.0,0.0,0.0,0.0,0.6,0,0,0
http://lostheaven.com.cn/wp-includes/ID3/Apctntoca.bmp,SRT,5821.0,,753.0,6575.0,0,17,30,0,6,0.0,0.0,0.0,0.0,0.0,0.0,0.0,3.0,0.0,1.0,0.0,0.0,0.0,0.0,0.0,0.0,0.0,0.0,0.05556,0.01852,0.66667,0,0,0
http://lowestoftcarsandcommercial.co.uk/at/,KRYSTAL,1432.0,-8.0,395.0,1827.0,14400,32,4,0,5,0.0,0.0,0.0,0.0,0.0,0.0,0.0,2.0,0.0,0.0,0.0,0.0,0.0,0.0,0.0,0.0,0.0,0.0,0.0,0.0,0.63333,0,0,0
http://lowestoftcarsandcommercial.co.uk/pebr/,KRYSTAL,1432.0,-8.0,395.0,1827.0,14400,32,6,0,5,0.0,0.0,0.0,0.0,0.0,0.0,0.0,2.0,0.0,0.0,0.0,0.0,0.0,0.0,0.0,0.0,0.0,0.0,0.0,0.0,0.63333,0,0,0
http://madibarohilalaone2.duckdns.org/osa/Consortsi.xsn,VIETSERVER-VN,,,,,60,30,18,0,3,0.0,0.0,0.0,0.0,0.0,0.0,0.0,3.0,0.0,0.0,0.0,0.0,0.0,0.0,0.0,0.0,0.0,0.0,0.01818,0.01818,0.59259,0,0,0
http://madibarohilalaone2.duckdns.org/osa/DpgeGCuECW32.bin,VIETSERVER-VN,,,,,60,30,21,0,3,0.0,0.0,0.0,0.0,0.0,0.0,0.0,3.0,0.0,0.0,0.0,0.0,0.0,0.0,0.0,0.0,0.0,0.0,0.10345,0.05172,0.59259,0,1,1
http://mail.alphaassessoriato.com.br/clp.exe,DIMENOC-243675,1087.0,386.0,739.0,1826.0,14400,29,8,0,6,0.0,0.0,0.0,0.0,0.0,0.0,0.0,4.0,0.0,0.0,0.0,0.0,0.0,0.0,0.0,0.0,0.0,0.0,0.0,0.0,0.57692,0,1,1
http://mail.treeoflifeadventures.com/wp-content/plugins/70d5e28f51c1438d94e3e6dc84b95311/xt/mmd/shell/jakatrol2.1.exe,ORG-KAL1-AFRINIC,2261.0,69.0,295.0,2557.0,86400,29,81,0,3,0.0,0.0,0.0,0.0,0.0,0.0,0.0,4.0,0.0,1.0,0.0,0.0,0.0,0.0,0.0,0.0,0.0,0.0,0.0,0.20513,0.55556,0,1,1
http://mail.treeoflifeadventures.com/wp-content/plugins/70d5e28f51c1438d94e3e6dc84b95311/xt/mmd/shell/jurojarem2.1.exe,ORG-KAL1-AFRINIC,2261.0,69.0,295.0,2557.0,86400,29,82,0,3,0.0,0.0,0.0,0.0,0.0,0.0,0.0,4.0,0.0,1.0,0.0,0.0,0.0,0.0,0.0,0.0,0.0,0.0,0.0,0.20339,0.55556,0,1,1
http://mail.treeoflifeadventures.com/wp-content/plugins/70d5e28f51c1438d94e3e6dc84b95311/xt/mmd/shell/kongaby2.1.exe,ORG-KAL1-AFRINIC,2261.0,69.0,295.0,2557.0,85471,29,80,0,3,0.0,0.0,0.0,0.0,0.0,0.0,0.0,4.0,0.0,1.0,0.0,0.0,0.0,0.0,0.0,0.0,0.0,0.0,0.0,0.2069,0.55556,0,1,1
http://mainsimon1-22.blogspot.com////////////////////////////atom.xml,GOOGLE,,,,,254,26,36,0,3,0.0,0.0,0.0,0.0,0.0,0.0,0.0,3.0,0.0,1.0,0.0,0.0,0.0,0.0,0.0,0.0,0.0,0.0,0.0,0.04348,0.65,0,1,1
http://maks228r.beget.tech/1.exe,,2702.0,144.0,219.0,2922.0,Error: The DNS query name does not exist: maks228r.beget.tech.,19,6,0,4,0.0,0.0,0.0,0.0,0.0,0.0,0.0,3.0,0.0,0.0,0.0,0.0,0.0,0.0,0.0,0.0,0.0,0.0,0.0,0.125,0.71429,0,1,1
http://maks228r.beget.tech/2.exe,,2702.0,144.0,219.0,2922.0,Error: The DNS query name does not exist: maks228r.beget.tech.,19,6,0,4,0.0,0.0,0.0,0.0,0.0,0.0,0.0,3.0,0.0,0.0,0.0,0.0,0.0,0.0,0.0,0.0,0.0,0.0,0.0,0.125,0.71429,0,1,1
http://markokarolahair.com/gan/,KRYSTAL,651.0,313.0,79.0,731.0,14400,19,5,0,3,0.0,0.0,0.0,0.0,0.0,0.0,0.0,1.0,0.0,0.0,0.0,0.0,0.0,0.0,0.0,0.0,0.0,0.0,0.0,0.0,0.55556,0,0,0
http://marmiroli.com.br/attivita/index.php,HOSTING24,6257.0,441.0,683.0,6940.0,14400,16,19,0,6,0.0,0.0,0.0,0.0,0.0,0.0,0.0,3.0,0.0,0.0,0.0,0.0,0.0,0.0,0.0,0.0,0.0,0.0,0.0,0.0,0.64286,0,1,1
http://marshall.sirnetsh.com/centro/index.php,HGBLOCK-9,2351.0,160.0,205.0,2557.0,14400,21,17,0,3,0.0,0.0,0.0,0.0,0.0,0.0,0.0,3.0,0.0,0.0,0.0,0.0,0.0,0.0,0.0,0.0,0.0,0.0,0.0,0.0,0.73684,0,1,1
http://mataranibio.com/ct/,IPV4,933.0,186.0,162.0,1096.0,14400,15,4,0,3,0.0,0.0,0.0,0.0,0.0,0.0,0.0,1.0,0.0,0.0,0.0,0.0,0.0,0.0,0.0,0.0,0.0,0.0,0.0,0.0,0.5,0,0,0
http://mecsekenergetika.hu/tss/,TARHELY-NET,,,,,300,19,5,0,2,0.0,0.0,0.0,0.0,0.0,0.0,0.0,1.0,0.0,0.0,0.0,0.0,0.0,0.0,0.0,0.0,0.0,0.0,0.0,0.0,0.55556,0,0,0
http://medcar.com.tn/attivita/index.php,ORG-ATIA2-AFRINIC,,,,,1,13,19,0,6,0.0,0.0,0.0,0.0,0.0,0.0,0.0,3.0,0.0,0.0,0.0,0.0,0.0,0.0,0.0,0.0,0.0,0.0,0.0,0.0,0.72727,0,1,1
http://medfioytrkdkcodlskeej.net/987123.exe,,89.0,89.0,276.0,366.0,86400,25,11,0,3,0.0,0.0,0.0,0.0,0.0,0.0,0.0,2.0,0.0,0.0,0.0,0.0,0.0,0.0,0.0,0.0,0.0,0.0,0.0,0.13953,0.70833,0,1,1
http://medicalbrasil.com.br/ump/,wix_com_inc,7391.0,-7.0,645.0,8036.0,2703,20,5,0,6,0.0,0.0,0.0,0.0,0.0,0.0,0.0,2.0,0.0,0.0,0.0,0.0,0.0,0.0,0.0,0.0,0.0,0.0,0.0,0.0,0.66667,0,0,0
http://medicalwellbeinggroup.com/leiu/,DE-GODADDY-20071017,558.0,33.0,537.0,1096.0,10800,25,6,0,3,0.0,0.0,0.0,0.0,0.0,0.0,0.0,1.0,0.0,0.0,0.0,0.0,0.0,0.0,0.0,0.0,0.0,0.0,0.0,0.0,0.625,0,0,0
http://megamound.com/sn/,,4149.0,132.0,233.0,4383.0,14400,13,4,0,3,0.0,0.0,0.0,0.0,0.0,0.0,0.0,1.0,0.0,0.0,0.0,0.0,0.0,0.0,0.0,0.0,0.0,0.0,0.0,0.0,0.58333,0,0,0
http://mehjabeenairintlltd.com/oodt/,IPXO,548.0,183.0,182.0,731.0,14400,23,6,0,3,0.0,0.0,0.0,0.0,0.0,0.0,0.0,1.0,0.0,0.0,0.0,0.0,0.0,0.0,0.0,0.0,0.0,0.0,0.0,0.0,0.63636,0,0,0
http://meiko.my/jZgmMv253.bin,YTE-MY,,,,,14400,8,14,0,2,0.0,0.0,0.0,0.0,0.0,0.0,0.0,2.0,0.0,0.0,0.0,0.0,0.0,0.0,0.0,0.0,0.0,0.0,0.06897,0.10345,0.57143,0,1,1
http://miateknik.com/Amday.exe,,2122.0,35.0,434.0,2557.0,Error: All nameservers failed to answer the query miateknik.com. IN A: Server 168.126.63.1 UDP port 53 answered SERVFAIL; Server 168.126.63.2 UDP port 53 answered SERVFAIL,13,10,0,3,0.0,0.0,0.0,0.0,0.0,0.0,0.0,2.0,0.0,0.0,0.0,0.0,0.0,0.0,0.0,0.0,0.0,0.0,0.03333,0.0,0.58333,0,1,1
http://micapublicitatesatumare.ro/ee.bin,RO-NAMEBOX,553.0,,542.0,1095.0,14400,26,7,0,2,0.0,0.0,0.0,0.0,0.0,0.0,0.0,2.0,0.0,0.0,0.0,0.0,0.0,0.0,0.0,0.0,0.0,0.0,0.0,0.0,0.52,0,1,1
http://micapublicitatesatumare.ro/GEN.bin,RO-NAMEBOX,553.0,,542.0,1095.0,13510,26,8,0,2,0.0,0.0,0.0,0.0,0.0,0.0,0.0,2.0,0.0,0.0,0.0,0.0,0.0,0.0,0.0,0.0,0.0,0.0,0.07317,0.0,0.52,0,1,1
http://micapublicitatesatumare.ro/h.bin,RO-NAMEBOX,553.0,,542.0,1095.0,14400,26,6,0,2,0.0,0.0,0.0,0.0,0.0,0.0,0.0,2.0,0.0,0.0,0.0,0.0,0.0,0.0,0.0,0.0,0.0,0.0,0.0,0.0,0.52,0,1,1
http://micapublicitatesatumare.ro/ro.bin,RO-NAMEBOX,553.0,,542.0,1095.0,14400,26,7,0,2,0.0,0.0,0.0,0.0,0.0,0.0,0.0,2.0,0.0,0.0,0.0,0.0,0.0,0.0,0.0,0.0,0.0,0.0,0.0,0.0,0.52,0,1,1
http://micapublicitatesatumare.ro/SPA.bin,RO-NAMEBOX,553.0,,542.0,1095.0,14400,26,8,0,2,0.0,0.0,0.0,0.0,0.0,0.0,0.0,2.0,0.0,0.0,0.0,0.0,0.0,0.0,0.0,0.0,0.0,0.0,0.07317,0.0,0.52,0,1,1
http://migos.com.tw/on/,YUANJHEN,3313.0,,1800.0,5113.0,14400,12,4,0,6,0.0,0.0,0.0,0.0,0.0,0.0,0.0,2.0,0.0,0.0,0.0,0.0,0.0,0.0,0.0,0.0,0.0,0.0,0.0,0.0,0.7,0,0,0
http://miradamaga.cl/nsml/,,3086.0,,201.0,3287.0,14400,13,6,0,2,0.0,0.0,0.0,0.0,0.0,0.0,0.0,1.0,0.0,0.0,0.0,0.0,0.0,0.0,0.0,0.0,0.0,0.0,0.0,0.0,0.58333,0,0,0
http://mistspring.com/eta/,YUANJHEN,1153.0,59.0,307.0,1461.0,14400,14,5,0,3,0.0,0.0,0.0,0.0,0.0,0.0,0.0,1.0,0.0,0.0,0.0,0.0,0.0,0.0,0.0,0.0,0.0,0.0,0.0,0.0,0.76923,0,0,0
http://mistspring.com/qtae/,YUANJHEN,1153.0,59.0,307.0,1461.0,14400,14,6,0,3,0.0,0.0,0.0,0.0,0.0,0.0,0.0,1.0,0.0,0.0,0.0,0.0,0.0,0.0,0.0,0.0,0.0,0.0,0.0,0.0,0.76923,0,0,0
http://modulo.servegame.com/Checkdownload_4.exe,,,,,,Error: The DNS response does not contain an answer to the question: modulo.servegame.com. IN A,20,20,0,3,0.0,0.0,0.0,0.0,0.0,0.0,0.0,3.0,1.0,0.0,0.0,0.0,0.0,0.0,0.0,0.0,0.0,0.0,0.02128,0.02128,0.55556,0,1,1
http://modulo.servegame.com/chromebeaconqe_x86.exe,,,,,,Error: The DNS response does not contain an answer to the question: modulo.servegame.com. IN A,20,23,0,3,0.0,0.0,0.0,0.0,0.0,0.0,0.0,3.0,1.0,0.0,0.0,0.0,0.0,0.0,0.0,0.0,0.0,0.0,0.0,0.04,0.55556,0,1,1
http://modulo.servegame.com/GY_tool.exe,,,,,,Error: The DNS response does not contain an answer to the question: modulo.servegame.com. IN A,20,12,0,3,0.0,0.0,0.0,0.0,0.0,0.0,0.0,3.0,1.0,0.0,0.0,0.0,0.0,0.0,0.0,0.0,0.0,0.0,0.05128,0.0,0.55556,0,1,1
http://modulo.servegame.com/kft_Debug_test_v4.exe,,,,,,Error: The DNS response does not contain an answer to the question: modulo.servegame.com. IN A,20,22,0,3,0.0,0.0,0.0,0.0,0.0,0.0,0.0,3.0,3.0,0.0,0.0,0.0,0.0,0.0,0.0,0.0,0.0,0.0,0.02041,0.02041,0.55556,0,1,1
http://modulo.servegame.com/nodehost_UEv2.exe,,,,,,Error: The DNS response does not contain an answer to the question: modulo.servegame.com. IN A,20,18,0,3,0.0,0.0,0.0,0.0,0.0,0.0,0.0,3.0,1.0,0.0,0.0,0.0,0.0,0.0,0.0,0.0,0.0,0.0,0.04444,0.02222,0.55556,0,1,1
http://modulo.servegame.com/PPsystem_x64.exe,,,,,,Error: The DNS response does not contain an answer to the question: modulo.servegame.com. IN A,20,17,0,3,0.0,0.0,0.0,0.0,0.0,0.0,0.0,3.0,1.0,0.0,0.0,0.0,0.0,0.0,0.0,0.0,0.0,0.0,0.04545,0.04545,0.55556,0,1,1
http://modulo.servegame.com/remoteDocker_test.exe,,,,,,Error: The DNS response does not contain an answer to the question: modulo.servegame.com. IN A,20,22,0,3,0.0,0.0,0.0,0.0,0.0,0.0,0.0,3.0,1.0,0.0,0.0,0.0,0.0,0.0,0.0,0.0,0.0,0.0,0.02041,0.0,0.55556,0,1,1
http://modulo.servegame.com/setupRemote_RS.exe,,,,,,Error: The DNS response does not contain an answer to the question: modulo.servegame.com. IN A,20,19,0,3,0.0,0.0,0.0,0.0,0.0,0.0,0.0,3.0,1.0,0.0,0.0,0.0,0.0,0.0,0.0,0.0,0.0,0.0,0.06522,0.0,0.55556,0,1,1
http://modulo.servegame.com/syncWatcher_we.exe,,,,,,Error: The DNS response does not contain an answer to the question: modulo.servegame.com. IN A,20,19,0,3,0.0,0.0,0.0,0.0,0.0,0.0,0.0,3.0,1.0,0.0,0.0,0.0,0.0,0.0,0.0,0.0,0.0,0.0,0.02174,0.0,0.55556,0,1,1
http://modulo.servegame.com/wax_Service.exe,,,,,,Error: The DNS response does not contain an answer to the question: modulo.servegame.com. IN A,20,16,0,3,0.0,0.0,0.0,0.0,0.0,0.0,0.0,3.0,1.0,0.0,0.0,0.0,0.0,0.0,0.0,0.0,0.0,0.0,0.02326,0.0,0.55556,0,1,1
http://modulo.servegame.com/zbupdate4_x64.exe,,,,,,Error: The DNS response does not contain an answer to the question: modulo.servegame.com. IN A,20,18,0,3,0.0,0.0,0.0,0.0,0.0,0.0,0.0,3.0,1.0,0.0,0.0,0.0,0.0,0.0,0.0,0.0,0.0,0.0,0.0,0.06667,0.55556,0,1,1
http://morenahotel.com/ipic/,NAMEC-4,3069.0,147.0,218.0,3288.0,14400,15,6,0,3,0.0,0.0,0.0,0.0,0.0,0.0,0.0,1.0,0.0,0.0,0.0,0.0,0.0,0.0,0.0,0.0,0.0,0.0,0.0,0.0,0.57143,0,0,0
http://moscow-post.ru.com/bin/sensen.exe,,,,,,120,18,15,0,3,0.0,0.0,0.0,0.0,0.0,0.0,0.0,3.0,0.0,1.0,0.0,0.0,0.0,0.0,0.0,0.0,0.0,0.0,0.0,0.0,0.66667,0,1,1
http://mscat.pe/siqd/,OVH-DEDICATED-FO,,,,,14400,8,6,0,2,0.0,0.0,0.0,0.0,0.0,0.0,0.0,1.0,0.0,0.0,0.0,0.0,0.0,0.0,0.0,0.0,0.0,0.0,0.0,0.0,0.71429,0,0,0
http://musicaondemand.com/attivita/ZhhLzyoowdnCZ,HVC-3,3043.0,126.0,244.0,3288.0,360,18,23,0,3,0.0,0.0,0.0,0.0,0.0,0.0,0.0,1.0,0.0,0.0,0.0,0.0,0.0,0.0,0.0,0.0,0.0,0.0,0.08333,0.0,0.58824,0,0,0
http://my-sbox.trns.co.za/agenzia/automaticamente/index.php,HGBLOCK-9,2294.0,103.0,262.0,2557.0,14400,18,34,0,5,0.0,0.0,0.0,0.0,0.0,0.0,0.0,4.0,0.0,1.0,0.0,0.0,0.0,0.0,0.0,0.0,0.0,0.0,0.0,0.0,0.78571,0,1,1
http://my-sbox.trns.co.za/centro/index.php,HGBLOCK-9,2294.0,103.0,262.0,2557.0,14400,18,17,0,5,0.0,0.0,0.0,0.0,0.0,0.0,0.0,4.0,0.0,1.0,0.0,0.0,0.0,0.0,0.0,0.0,0.0,0.0,0.0,0.0,0.78571,0,1,1
http://napcloud.in/ear/,UNIFIEDLAYER-NETWORK-16,1867.0,909.0,324.0,2192.0,14400,11,5,0,2,0.0,0.0,0.0,0.0,0.0,0.0,0.0,1.0,0.0,0.0,0.0,0.0,0.0,0.0,0.0,0.0,0.0,0.0,0.0,0.0,0.6,0,0,0
http://nathicharamimatrimony.com/teit/,DE-VELIANET1-20071017,5416.0,301.0,62.0,5479.0,14400,25,6,0,3,0.0,0.0,0.0,0.0,0.0,0.0,0.0,1.0,0.0,0.0,0.0,0.0,0.0,0.0,0.0,0.0,0.0,0.0,0.0,0.0,0.625,0,0,0
http://needs.hitsturbo.com/order/tuc2.exe,,45.0,5.0,320.0,366.0,Error: The DNS query name does not exist: needs.hitsturbo.com.,19,15,0,3,0.0,0.0,0.0,0.0,0.0,0.0,0.0,3.0,0.0,0.0,0.0,0.0,0.0,0.0,0.0,0.0,0.0,0.0,0.0,0.02439,0.64706,0,1,1
http://needs.hitsturbo.com/order/tuc3.exe,,45.0,5.0,320.0,366.0,Error: The DNS query name does not exist: needs.hitsturbo.com.,19,15,0,3,0.0,0.0,0.0,0.0,0.0,0.0,0.0,3.0,0.0,0.0,0.0,0.0,0.0,0.0,0.0,0.0,0.0,0.0,0.0,0.02439,0.64706,0,1,1
http://needs.hitsturbo.com/order/tuc4.exe,,45.0,5.0,320.0,366.0,Error: The DNS query name does not exist: needs.hitsturbo.com.,19,15,0,3,0.0,0.0,0.0,0.0,0.0,0.0,0.0,3.0,0.0,0.0,0.0,0.0,0.0,0.0,0.0,0.0,0.0,0.0,0.0,0.02439,0.64706,0,1,1
http://needs.hitsturbo.com/order/tuc5.exe,,45.0,5.0,320.0,366.0,Error: The DNS query name does not exist: needs.hitsturbo.com.,19,15,0,3,0.0,0.0,0.0,0.0,0.0,0.0,0.0,3.0,0.0,0.0,0.0,0.0,0.0,0.0,0.0,0.0,0.0,0.0,0.0,0.02439,0.64706,0,1,1
http://needs.hitsturbo.com/order/tuc6.exe,,45.0,5.0,320.0,366.0,Error: The DNS query name does not exist: needs.hitsturbo.com.,19,15,0,3,0.0,0.0,0.0,0.0,0.0,0.0,0.0,3.0,0.0,0.0,0.0,0.0,0.0,0.0,0.0,0.0,0.0,0.0,0.0,0.02439,0.64706,0,1,1
http://needs.hitsturbo.com/order/tuc7.exe,,45.0,5.0,320.0,366.0,Error: The DNS query name does not exist: needs.hitsturbo.com.,19,15,0,3,0.0,0.0,0.0,0.0,0.0,0.0,0.0,3.0,0.0,0.0,0.0,0.0,0.0,0.0,0.0,0.0,0.0,0.0,0.0,0.02439,0.64706,0,1,1
http://neoporter.com.br/in/,202122,3459.0,299.0,924.0,4383.0,14400,16,4,0,6,0.0,0.0,0.0,0.0,0.0,0.0,0.0,2.0,0.0,0.0,0.0,0.0,0.0,0.0,0.0,0.0,0.0,0.0,0.0,0.0,0.64286,0,0,0
http://neuropraxisrehab.com/rer/,GO-DADDY-COM-LLC,1084.0,451.0,1106.0,2191.0,10800,20,5,0,3,0.0,0.0,0.0,0.0,0.0,0.0,0.0,1.0,0.0,0.0,0.0,0.0,0.0,0.0,0.0,0.0,0.0,0.0,0.0,0.0,0.57895,0,0,0
http://neuropraxisrehab.com/ts/,GO-DADDY-COM-LLC,1084.0,451.0,1106.0,2191.0,10800,20,4,0,3,0.0,0.0,0.0,0.0,0.0,0.0,0.0,1.0,0.0,0.0,0.0,0.0,0.0,0.0,0.0,0.0,0.0,0.0,0.0,0.0,0.57895,0,0,0
http://never.hitsturbo.com/order/tuc2.exe,,45.0,5.0,320.0,366.0,Error: The DNS query name does not exist: never.hitsturbo.com.,19,15,0,3,0.0,0.0,0.0,0.0,0.0,0.0,0.0,3.0,0.0,0.0,0.0,0.0,0.0,0.0,0.0,0.0,0.0,0.0,0.0,0.02439,0.64706,0,1,1
http://never.hitsturbo.com/order/tuc3.exe,,45.0,5.0,320.0,366.0,Error: The DNS query name does not exist: never.hitsturbo.com.,19,15,0,3,0.0,0.0,0.0,0.0,0.0,0.0,0.0,3.0,0.0,0.0,0.0,0.0,0.0,0.0,0.0,0.0,0.0,0.0,0.0,0.02439,0.64706,0,1,1
http://never.hitsturbo.com/order/tuc4.exe,,45.0,5.0,320.0,366.0,Error: The DNS query name does not exist: never.hitsturbo.com.,19,15,0,3,0.0,0.0,0.0,0.0,0.0,0.0,0.0,3.0,0.0,0.0,0.0,0.0,0.0,0.0,0.0,0.0,0.0,0.0,0.0,0.02439,0.64706,0,1,1
